0.133333,0.104176
0.2,0.0582795
0.266667,0.0817698
0.333333,0.0556187
0.4,0.0748976
0.466667,0.096047
0.533333,0.139938
0.6,0.154819
0.666667,0.155847
0.733333,0.143707
0.8,0.136938
0.866667,0.13348
0.933333,0.144841
1,0.150508
1.06667,0.161025
1.13333,0.158561
1.2,0.148678
1.26667,0.142397
1.33333,0.14145
1.4,0.145639
1.46667,0.140911
1.53333,0.141335
1.6,0.14073
1.66667,0.145138
1.73333,0.139706
1.8,0.141062
1.86667,0.150161
1.93333,0.168768
2,0.181649
2.06667,0.174033
2.13333,0.16593
2.2,0.160049
2.26667,0.165133
2.33333,0.167413
2.4,0.166991
2.46667,0.154916
2.53333,0.152388
2.6,0.152186
2.66667,0.161149
2.73333,0.163866
2.8,0.164829
2.86667,0.166549
2.93333,0.166503
3,0.168558
3.06667,0.168946
3.13333,0.170916
3.2,0.172197
3.26667,0.17543
3.33333,0.177077
3.4,0.174748
3.46667,0.171913
3.53333,0.171651
3.6,0.176248
3.66667,0.173805
3.73333,0.181803
3.8,0.182033
3.86667,0.183101
3.93333,0.131642
4,0.111155
4.06667,0.122282
4.13333,0.173544
4.2,0.203584
4.26667,0.193193
4.33333,0.18732
4.4,0.172242
4.46667,0.170962
4.53333,0.170642
4.6,0.165397
4.66667,0.133303
4.73333,0.0881769
4.8,0.0612042
4.86667,0.0730911
4.93333,0.0907254
5,0.124936
5.06667,0.1533
5.13333,0.168535
5.2,0.170963
5.26667,0.152803
5.33333,0.132753
5.4,0.0865114
5.46667,0.0796602
5.53333,0.0824869
5.6,0.0886694
5.66667,0.120974
5.73333,0.116067
5.8,0.154427
5.86667,0.147043
5.93333,0.143682
6,0.129414
6.06667,0.112913
6.13333,0.111817
6.2,0.135066
6.26667,0.160224
6.33333,0.217899
6.4,0.180957
6.46667,0.143836
6.53333,0.0789156
6.6,0.076823
6.66667,0.066215
6.73333,0.0772136
6.8,0.0805758
6.86667,0.081741
6.93333,0.0812891
7,0.0707424
7.06667,0.071487
7.13333,0.0684918
7.2,0.0677054
7.26667,0.0603643
7.33333,0.0583723
7.4,0.045426
7.46667,0.0392475
7.53333,0.0311253
7.6,0.033756
7.66667,0.0448382
7.73333,0.0552582
7.8,0.0634353
7.86667,0.0717326
7.93333,0.0797307
8,0.144419
8.06667,0.192026
8.13333,0.245493
8.2,0.236361
8.26667,0.199759
8.33333,0.185778
8.4,0.183955
8.46667,0.208902
8.53333,0.202116
8.6,0.198986
8.66667,0.20715
8.73333,0.218572
8.8,0.220491
8.86667,0.220032
8.93333,0.190975
9,0.185939
9.06667,0.169729
9.13333,0.185956
9.2,0.193095
9.26667,0.205422
9.33333,0.220555
9.4,0.226079
9.46667,0.227685
9.53333,0.221366
9.6,0.219653
9.66667,0.20501
9.73333,0.197384
9.8,0.185137
9.86667,0.191957
9.93333,0.200598
10,0.199834
10.0667,0.208396
10.1333,0.194973
10.2,0.201687
10.2667,0.199525
10.3333,0.194441
10.4,0.18034
10.4667,0.173291
10.5333,0.205076
10.6,0.205803
10.6667,0.189327
10.7333,0.167797
10.8,0.171039
10.8667,0.187689
10.9333,0.180668
11,0.196364
11.0667,0.216275
11.1333,0.226553
11.2,0.21982
11.2667,0.171444
11.3333,0.179086
11.4,0.159131
11.4667,0.195079
11.5333,0.167508
11.6,0.204194
11.6667,0.160807
11.7333,0.149509
11.8,0.103457
11.8667,0.111793
11.9333,0.118777
12,0.139733
12.0667,0.125892
12.1333,0.165635
12.2,0.175847
12.2667,0.222672
12.3333,0.211386
12.4,0.206618
12.4667,0.212746
12.5333,0.211669
12.6,0.197781
12.6667,0.185555
12.7333,0.179109
12.8,0.20913
12.8667,0.212328
12.9333,0.216761
13,0.172368
13.0667,0.147128
13.1333,0.120459
13.2,0.120236
13.2667,0.111394
13.3333,0.0948126
13.4,0.0801069
13.4667,0.0840452
13.5333,0.0962848
13.6,0.100765
13.6667,0.0827011
13.7333,0.081468
13.8,0.0924823
13.8667,0.112981
13.9333,0.114601
14,0.11559
14.0667,0.0968347
14.1333,0.0803668
14.2,0.0653306
14.2667,0.0698346
14.3333,0.0660465
14.4,0.0603656
14.4667,0.0546286
14.5333,0.0569471
14.6,0.0577897
14.6667,0.0635267
14.7333,0.0683546
14.8,0.0815359
14.8667,0.102854
14.9333,0.115617
15,0.121775
15.0667,0.115684
15.1333,0.125398
15.2,0.137263
15.2667,0.149189
15.3333,0.154376
15.4,0.159162
15.4667,0.172427
15.5333,0.187746
15.6,0.200212
15.6667,0.1942
15.7333,0.187591
15.8,0.18331
15.8667,0.174376
15.9333,0.152056
16,0.140629
16.0667,0.165124
16.1333,0.203111
16.2,0.204711
16.2667,0.205089
16.3333,0.192836
16.4,0.206584
16.4667,0.193391
16.5333,0.206729
16.6,0.217213
16.6667,0.178243
16.7333,0.178542
16.8,0.177426
16.8667,0.228969
16.9333,0.235341
17,0.243577
17.0667,0.217151
17.1333,0.186489
17.2,0.167376
17.2667,0.17934
17.3333,0.180991
17.4,0.173331
17.4667,0.171291
17.5333,0.182773
17.6,0.19797
17.6667,0.214081
17.7333,0.207331
17.8,0.198757
17.8667,0.20497
17.9333,0.22475
18,0.240871
18.0667,0.243183
18.1333,0.230631
18.2,0.23203
18.2667,0.226548
18.3333,0.220007
18.4,0.197181
18.4667,0.171999
18.5333,0.159909
18.6,0.151167
18.6667,0.152132
18.7333,0.175417
18.8,0.190686
18.8667,0.203525
18.9333,0.199305
19,0.204556
19.0667,0.213655
19.1333,0.227006
19.2,0.22047
19.2667,0.209155
19.3333,0.175097
19.4,0.156287
19.4667,0.155613
19.5333,0.176313
19.6,0.186591
19.6667,0.181197
19.7333,0.181716
19.8,0.194449
19.8667,0.204599
19.9333,0.213954
20,0.166966
20.0667,0.123187
20.1333,0.069235
20.2,0.0685401
20.2667,0.0717103
20.3333,0.0782481
20.4,0.0826058
20.4667,0.0843862
20.5333,0.0865428
20.6,0.0853868
20.6667,0.0813949
20.7333,0.0732622
20.8,0.0805667
20.8667,0.0723818
20.9333,0.0682867
21,0.064829
21.0667,0.0713459
21.1333,0.0745188
21.2,0.0683232
21.2667,0.0658858
21.3333,0.0813831
21.4,0.0999579
21.4667,0.115786
21.5333,0.104852
21.6,0.100627
21.6667,0.108129
21.7333,0.119616
21.8,0.121507
21.8667,0.117187
21.9333,0.117308
22,0.117484
22.0667,0.118292
22.1333,0.116833
22.2,0.117204
22.2667,0.116571
22.3333,0.117935
22.4,0.116577
22.4667,0.112646
22.5333,0.109029
22.6,0.108324
22.6667,0.109283
22.7333,0.11089
22.8,0.111688
22.8667,0.113462
22.9333,0.117686
23,0.130498
23.0667,0.147047
23.1333,0.143196
23.2,0.120248
23.2667,0.1189
23.3333,0.137443
23.4,0.169219
23.4667,0.174571
23.5333,0.180819
23.6,0.170116
23.6667,0.162453
23.7333,0.140534
23.8,0.122913
23.8667,0.108057
23.9333,0.11546
24,0.137857
24.0667,0.147989
24.1333,0.142672
24.2,0.131215
24.2667,0.127573
24.3333,0.127479
24.4,0.130156
24.4667,0.134958
24.5333,0.137301
24.6,0.137169
24.6667,0.115591
24.7333,0.114529
24.8,0.124773
24.8667,0.138811
24.9333,0.127517
25,0.12486
25.0667,0.116714
25.1333,0.118418
25.2,0.0985211
25.2667,0.094844
25.3333,0.101264
25.4,0.0968007
25.4667,0.100786
25.5333,0.0889659
25.6,0.0841837
25.6667,0.0753456
25.7333,0.0703937
25.8,0.071564
25.8667,0.0799985
25.9333,0.0902564
26,0.0943502
26.0667,0.0900696
26.1333,0.090536
26.2,0.0902943
26.2667,0.0898907
26.3333,0.0966087
26.4,0.109512
26.4667,0.124703
26.5333,0.124599
26.6,0.123554
26.6667,0.121413
26.7333,0.118346
26.8,0.125161
26.8667,0.142539
26.9333,0.150925
27,0.172692
27.0667,0.171779
27.1333,0.190862
27.2,0.175616
27.2667,0.175741
27.3333,0.15572
27.4,0.141548
27.4667,0.14517
27.5333,0.171583
27.6,0.197395
27.6667,0.202961
27.7333,0.214441
27.8,0.23149
27.8667,0.228143
27.9333,0.226072
28,0.243303
28.0667,0.281807
28.1333,0.29545
28.2,0.289571
28.2667,0.284586
28.3333,0.294708
28.4,0.307152
28.4667,0.313659
28.5333,0.286401
28.6,0.256179
28.6667,0.235893
28.7333,0.281605
28.8,0.334741
28.8667,0.377852
28.9333,0.383564
29,0.386566
29.0667,0.385986
29.1333,0.323547
29.2,0.232906
29.2667,0.14977
29.3333,0.140184
29.4,0.153638
29.4667,0.165153
29.5333,0.158207
29.6,0.147902
29.6667,0.187312
29.7333,0.199549
29.8,0.220525
29.8667,0.218624
29.9333,0.252798
30,0.282823
30.0667,0.276834
30.1333,0.262028
30.2,0.248318
30.2667,0.242983
30.3333,0.241551
30.4,0.238692
30.4667,0.273017
30.5333,0.261057
30.6,0.247658
30.6667,0.256653
30.7333,0.300084
30.8,0.338624
30.8667,0.329136
30.9333,0.341571
31,0.359972
31.0667,0.37735
31.1333,0.376648
31.2,0.37668
31.2667,0.391596
31.3333,0.369096
31.4,0.351212
31.4667,0.30505
31.5333,0.326982
31.6,0.312043
31.6667,0.310586
31.7333,0.29442
31.8,0.306882
31.8667,0.316302
31.9333,0.313346
32,0.319569
32.0667,0.312682
32.1333,0.309442
32.2,0.296242
32.2667,0.290582
32.3333,0.278683
32.4,0.273896
32.4667,0.268972
32.5333,0.273827
32.6,0.27898
32.6667,0.283857
32.7333,0.291031
32.8,0.290153
32.8667,0.285687
32.9333,0.275531
33,0.296677
33.0667,0.324008
33.1333,0.35434
33.2,0.330435
33.2667,0.327042
33.3333,0.300573
33.4,0.26645
33.4667,0.235276
33.5333,0.211923
33.6,0.299048
33.6667,0.327664
33.7333,0.409019
33.8,0.406456
33.8667,0.44404
33.9333,0.41195
34,0.377355
34.0667,0.372207
34.1333,0.40278
34.2,0.445348
34.2667,0.444154
34.3333,0.442031
34.4,0.420487
34.4667,0.41221
34.5333,0.40357
34.6,0.415098
34.6667,0.342521
34.7333,0.262667
34.8,0.195514
34.8667,0.197847
34.9333,0.203735
35,0.191151
35.0667,0.189035
35.1333,0.187234
35.2,0.192903
35.2667,0.198282
35.3333,0.200466
35.4,0.19258
35.4667,0.183755
35.5333,0.175684
35.6,0.185695
35.6667,0.190042
35.7333,0.186405
35.8,0.171103
35.8667,0.163473
35.9333,0.163754
36,0.171279
36.0667,0.178005
36.1333,0.189911
36.2,0.202201
36.2667,0.212575
36.3333,0.214852
36.4,0.21967
36.4667,0.22522
36.5333,0.231315
36.6,0.232453
36.6667,0.220425
36.7333,0.211735
36.8,0.192703
36.8667,0.190639
36.9333,0.183214
37,0.168864
37.0667,0.162677
37.1333,0.146902
37.2,0.188332
37.2667,0.220707
37.3333,0.276244
37.4,0.238586
37.4667,0.244469
37.5333,0.240918
37.6,0.307639
37.6667,0.365813
37.7333,0.414287
37.8,0.441052
37.8667,0.430973
37.9333,0.441572
38,0.384485
38.0667,0.341202
38.1333,0.296491
38.2,0.333801
38.2667,0.318262
38.3333,0.300238
38.4,0.259938
38.4667,0.301747
38.5333,0.341668
38.6,0.404257
38.6667,0.417542
38.7333,0.420928
38.8,0.405736
38.8667,0.367315
38.9333,0.377215
39,0.387936
39.0667,0.415931
39.1333,0.413779
39.2,0.416174
39.2667,0.431751
39.3333,0.435862
39.4,0.438908
39.4667,0.439052
39.5333,0.4408
39.6,0.441892
39.6667,0.442942
39.7333,0.443268
39.8,0.467123
39.8667,0.479014
39.9333,0.498434
40,0.49547
40.0667,0.505264
40.1333,0.507111
40.2,0.510463
40.2667,0.511387
40.3333,0.512139
40.4,0.514856
40.4667,0.519979
40.5333,0.525474
40.6,0.528005
40.6667,0.52699
40.7333,0.521037
40.8,0.484582
40.8667,0.484475
40.9333,0.484462
41,0.508444
41.0667,0.501827
41.1333,0.489037
41.2,0.472758
41.2667,0.481722
41.3333,0.478365
41.4,0.461238
41.4667,0.435414
41.5333,0.430604
41.6,0.453547
41.6667,0.463219
41.7333,0.47797
41.8,0.487297
41.8667,0.491759
41.9333,0.493098
42,0.494787
42.0667,0.492899
42.1333,0.494139
42.2,0.495853
42.2667,0.49684
42.3333,0.497868
42.4,0.505768
42.4667,0.514686
42.5333,0.495034
42.6,0.472274
42.6667,0.451338
42.7333,0.455275
42.8,0.458059
42.8667,0.459032
42.9333,0.459927
43,0.484632
43.0667,0.46922
43.1333,0.450835
43.2,0.414055
43.2667,0.424754
43.3333,0.431311
43.4,0.432087
43.4667,0.463631
43.5333,0.499833
43.6,0.519895
43.6667,0.517138
43.7333,0.517706
43.8,0.533504
43.8667,0.529643
43.9333,0.531159
44,0.528019
44.0667,0.53622
44.1333,0.535975
44.2,0.537235
44.2667,0.532
44.3333,0.529705
44.4,0.531009
44.4667,0.530004
44.5333,0.531353
44.6,0.5248
44.6667,0.511585
44.7333,0.490723
44.8,0.476439
44.8667,0.46943
44.9333,0.466312
45,0.461775
45.0667,0.460653
45.1333,0.46494
45.2,0.471741
45.2667,0.478622
45.3333,0.482888
45.4,0.485855
45.4667,0.484676
45.5333,0.475895
45.6,0.463132
45.6667,0.449551
45.7333,0.442647
45.8,0.439158
45.8667,0.441646
45.9333,0.443624
46,0.441905
46.0667,0.442388
46.1333,0.441048
46.2,0.446343
46.2667,0.447808
46.3333,0.442196
46.4,0.439007
46.4667,0.432308
46.5333,0.431017
46.6,0.427668
46.6667,0.42641
46.7333,0.429359
46.8,0.427652
46.8667,0.427178
46.9333,0.436101
47,0.446141
47.0667,0.455494
47.1333,0.456712
47.2,0.463902
47.2667,0.47602
47.3333,0.487959
47.4,0.499314
47.4667,0.505738
47.5333,0.506756
47.6,0.496983
47.6667,0.494857
47.7333,0.496943
47.8,0.503895
47.8667,0.492732
47.9333,0.496281
48,0.496451
48.0667,0.505345
48.1333,0.498444
48.2,0.491163
48.2667,0.483635
48.3333,0.481532
48.4,0.482997
48.4667,0.49698
48.5333,0.503588
48.6,0.510907
48.6667,0.509227
48.7333,0.509843
48.8,0.493501
48.8667,0.479078
48.9333,0.463195
49,0.466198
49.0667,0.467167
49.1333,0.470528
49.2,0.475712
49.2667,0.478635
49.3333,0.480738
49.4,0.435241
49.4667,0.388328
49.5333,0.332598
49.6,0.321994
49.6667,0.330909
49.7333,0.340852
49.8,0.349445
49.8667,0.34179
49.9333,0.33886
50,0.338598
50.0667,0.372134
50.1333,0.409633
50.2,0.447821
50.2667,0.455526
50.3333,0.454618
50.4,0.411617
50.4667,0.363569
50.5333,0.327807
50.6,0.330356
50.6667,0.343005
50.7333,0.349744
50.8,0.355588
50.8667,0.35088
50.9333,0.345143
51,0.346583
51.0667,0.350401
51.1333,0.364892
51.2,0.374445
51.2667,0.38309
51.3333,0.408453
51.4,0.436452
51.4667,0.461833
51.5333,0.466112
51.6,0.462512
51.6667,0.469967
51.7333,0.448287
51.8,0.432889
51.8667,0.408292
51.9333,0.4001
52,0.398141
52.0667,0.406827
52.1333,0.422148
52.2,0.430883
52.2667,0.436213
52.3333,0.440085
52.4,0.442784
52.4667,0.440706
52.5333,0.439698
52.6,0.445989
52.6667,0.447781
52.7333,0.456333
52.8,0.452386
52.8667,0.470351
52.9333,0.487046
53,0.500785
53.0667,0.477957
53.1333,0.4699
53.2,0.469119
53.2667,0.500289
53.3333,0.499668
53.4,0.49829
53.4667,0.483326
53.5333,0.492415
53.6,0.486112
53.6667,0.477412
53.7333,0.462741
53.8,0.465694
53.8667,0.474267
53.9333,0.469431
54,0.474443
54.0667,0.454297
54.1333,0.466877
54.2,0.460009
54.2667,0.484688
54.3333,0.485605
54.4,0.498541
54.4667,0.503667
54.5333,0.506951
54.6,0.508871
54.6667,0.511547
54.7333,0.512187
54.8,0.511805
54.8667,0.511089
54.9333,0.513578
55,0.512279
55.0667,0.510045
55.1333,0.508103
55.2,0.520703
55.2667,0.522358
55.3333,0.524077
55.4,0.516868
55.4667,0.518191
55.5333,0.525545
55.6,0.530975
55.6667,0.536015
55.7333,0.535291
55.8,0.532761
55.8667,0.533513
55.9333,0.530984
56,0.530385
56.0667,0.5281
56.1333,0.529091
56.2,0.530945
56.2667,0.530331
56.3333,0.522616
56.4,0.519959
56.4667,0.516303
56.5333,0.510933
56.6,0.499841
56.6667,0.491197
56.7333,0.489111
56.8,0.484346
56.8667,0.478545
56.9333,0.476636
57,0.479841
57.0667,0.480638
57.1333,0.482647
57.2,0.48464
57.2667,0.486471
57.3333,0.485066
57.4,0.481157
57.4667,0.478896
57.5333,0.478563
57.6,0.480244
57.6667,0.484315
57.7333,0.48691
57.8,0.487386
57.8667,0.487514
57.9333,0.486126
58,0.492254
58.0667,0.495701
58.1333,0.499689
58.2,0.495675
58.2667,0.495304
58.3333,0.493012
58.4,0.4926
58.4667,0.495523
58.5333,0.499961
58.6,0.502995
58.6667,0.502721
58.7333,0.500311
58.8,0.497762
58.8667,0.498793
58.9333,0.501182
59,0.501069
59.0667,0.496032
59.1333,0.492267
59.2,0.494198
59.2667,0.495223
59.3333,0.494356
59.4,0.489418
59.4667,0.487563
59.5333,0.486774
59.6,0.484376
59.6667,0.480813
59.7333,0.47829
59.8,0.48163
59.8667,0.481923
59.9333,0.481946
60,0.48021
60.0667,0.482181
60.1333,0.483975
60.2,0.484684
60.2667,0.483151
60.3333,0.487465
60.4,0.492844
60.4667,0.497947
60.5333,0.501195
60.6,0.502375
60.6667,0.504362
60.7333,0.503829
60.8,0.504897
60.8667,0.506156
60.9333,0.505413
61,0.497833
61.0667,0.494434
61.1333,0.492979
61.2,0.496357
61.2667,0.500613
61.3333,0.501728
61.4,0.505434
61.4667,0.504791
61.5333,0.505558
61.6,0.501931
61.6667,0.495048
61.7333,0.48531
61.8,0.477917
61.8667,0.473639
61.9333,0.470501
62,0.47571
62.0667,0.490492
62.1333,0.511175
62.2,0.512535
62.2667,0.494144
62.3333,0.495104
62.4,0.503727
62.4667,0.530416
62.5333,0.535218
62.6,0.542465
62.6667,0.544135
62.7333,0.547754
62.8,0.552625
62.8667,0.550716
62.9333,0.544977
63,0.534289
63.0667,0.524092
63.1333,0.523755
63.2,0.528655
63.2667,0.537492
63.3333,0.539138
63.4,0.538935
63.4667,0.5323
63.5333,0.518154
63.6,0.506663
63.6667,0.519159
63.7333,0.530612
63.8,0.542642
63.8667,0.536696
63.9333,0.537701
64,0.537715
64.0667,0.536442
64.1333,0.534895
64.2,0.533713
64.2667,0.533005
64.3333,0.533365
64.4,0.534749
64.4667,0.535939
64.5333,0.536156
64.6,0.527592
64.6667,0.51786
64.7333,0.509502
64.8,0.509451
64.8667,0.509639
64.9333,0.505296
65,0.500452
65.0667,0.501298
65.1333,0.503962
65.2,0.50927
65.2667,0.511538
65.3333,0.501817
65.4,0.506112
65.4667,0.513463
65.5333,0.532115
65.6,0.535764
65.6667,0.537117
65.7333,0.538097
65.8,0.53948
65.8667,0.540482
65.9333,0.535877
66,0.530241
66.0667,0.515538
66.1333,0.50774
66.2,0.499693
66.2667,0.498527
66.3333,0.5075
66.4,0.513298
66.4667,0.523695
66.5333,0.481669
66.6,0.466235
66.6667,0.453146
66.7333,0.475204
66.8,0.423916
66.8667,0.43042
66.9333,0.446436
67,0.51779
67.0667,0.541084
67.1333,0.564054
67.2,0.582975
67.2667,0.586775
67.3333,0.591898
67.4,0.565054
67.4667,0.556771
67.5333,0.541903
67.6,0.564654
67.6667,0.569127
67.7333,0.587933
67.8,0.602256
67.8667,0.613111
67.9333,0.61087
68,0.596095
68.0667,0.587342
68.1333,0.579149
68.2,0.577689
68.2667,0.569329
68.3333,0.56309
68.4,0.560296
68.4667,0.558536
68.5333,0.556758
68.6,0.550599
68.6667,0.548079
68.7333,0.54661
68.8,0.545344
68.8667,0.543444
68.9333,0.541379
69,0.542642
69.0667,0.543114
69.1333,0.553206
69.2,0.536814
69.2667,0.541872
69.3333,0.536951
69.4,0.551776
69.4667,0.554427
69.5333,0.546667
69.6,0.541271
69.6667,0.526034
69.7333,0.521776
69.8,0.522522
69.8667,0.522726
69.9333,0.524962
70,0.527072
70.0667,0.542214
70.1333,0.551878
70.2,0.558543
70.2667,0.554002
70.3333,0.549535
70.4,0.531754
70.4667,0.516724
70.5333,0.510421
70.6,0.52033
70.6667,0.527439
70.7333,0.517911
70.8,0.505856
70.8667,0.500846
70.9333,0.50412
71,0.512301
71.0667,0.515026
71.1333,0.518704
71.2,0.522384
71.2667,0.523924
71.3333,0.525943
71.4,0.522917
71.4667,0.513026
71.5333,0.503921
71.6,0.496639
71.6667,0.495009
71.7333,0.493747
71.8,0.493878
71.8667,0.494229
71.9333,0.496531
72,0.498971
72.0667,0.501513
72.1333,0.502535
72.2,0.501582
72.2667,0.501803
72.3333,0.50154
72.4,0.452193
72.4667,0.409817
72.5333,0.365436
72.6,0.369341
72.6667,0.419968
72.7333,0.457316
72.8,0.503979
72.8667,0.504086
72.9333,0.520376
73,0.523111
73.0667,0.505212
73.1333,0.482332
73.2,0.458707
73.2667,0.446488
73.3333,0.439162
73.4,0.450697
73.4667,0.470397
73.5333,0.452114
73.6,0.452037
73.6667,0.458456
73.7333,0.491703
73.8,0.503209
73.8667,0.491844
73.9333,0.493581
74,0.48542
74.0667,0.439168
74.1333,0.387643
74.2,0.341973
74.2667,0.334836
74.3333,0.330405
74.4,0.322352
74.4667,0.317828
74.5333,0.310739
74.6,0.301441
74.6667,0.296195
74.7333,0.34954
74.8,0.391873
74.8667,0.436024
74.9333,0.422473
75,0.404428
75.0667,0.388865
75.1333,0.374024
75.2,0.377415
75.2667,0.379126
75.3333,0.379129
75.4,0.375118
75.4667,0.371785
75.5333,0.372014
75.6,0.377887
75.6667,0.381674
75.7333,0.440389
75.8,0.487875
75.8667,0.519356
75.9333,0.513725
76,0.514094
76.0667,0.529716
76.1333,0.521938
76.2,0.519991
76.2667,0.518263
76.3333,0.523647
76.4,0.525429
76.4667,0.526487
76.5333,0.522675
76.6,0.518802
76.6667,0.514648
76.7333,0.513045
76.8,0.517956
76.8667,0.52503
76.9333,0.515598
77,0.517169
77.0667,0.52082
77.1333,0.537577
77.2,0.534259
77.2667,0.529893
77.3333,0.527472
77.4,0.514704
77.4667,0.504769
77.5333,0.488995
77.6,0.481229
77.6667,0.48624
77.7333,0.499116
77.8,0.518943
77.8667,0.521865
77.9333,0.520226
78,0.517084
78.0667,0.51344
78.1333,0.517679
78.2,0.521771
78.2667,0.529498
78.3333,0.529991
78.4,0.527844
78.4667,0.523428
78.5333,0.521701
78.6,0.522695
78.6667,0.522253
78.7333,0.520743
78.8,0.519549
78.8667,0.519356
78.9333,0.519012
79,0.518756
79.0667,0.480155
79.1333,0.429088
79.2,0.378599
79.2667,0.336304
79.3333,0.312385
79.4,0.283266
79.4667,0.295018
79.5333,0.291095
79.6,0.294881
79.6667,0.286734
79.7333,0.302933
79.8,0.298509
79.8667,0.317409
79.9333,0.303807
80,0.344214
80.0667,0.349258
80.1333,0.383732
80.2,0.379471
80.2667,0.387066
80.3333,0.393383
80.4,0.393008
80.4667,0.393485
80.5333,0.364692
80.6,0.34211
80.6667,0.321777
80.7333,0.306459
80.8,0.295649
80.8667,0.286412
80.9333,0.291708
81,0.299513
81.0667,0.307898
81.1333,0.315579
81.2,0.31451
81.2667,0.310249
81.3333,0.308244
81.4,0.304681
81.4667,0.298847
81.5333,0.30025
81.6,0.298549
81.6667,0.301445
81.7333,0.293495
81.8,0.303688
81.8667,0.310503
81.9333,0.329204
82,0.348785
82.0667,0.363295
82.1333,0.365305
82.2,0.355877
82.2667,0.349125
82.3333,0.34246
82.4,0.393063
82.4667,0.439129
82.5333,0.495606
82.6,0.494189
82.6667,0.49603
82.7333,0.489742
82.8,0.483975
82.8667,0.481198
82.9333,0.476774
83,0.473259
83.0667,0.471456
83.1333,0.47207
83.2,0.466218
83.2667,0.459218
83.3333,0.453683
83.4,0.461293
83.4667,0.469295
83.5333,0.478216
83.6,0.473443
83.6667,0.470086
83.7333,0.46654
83.8,0.46923
83.8667,0.468832
83.9333,0.467276
84,0.464799
84.0667,0.480125
84.1333,0.500683
84.2,0.522389
84.2667,0.518191
84.3333,0.517898
84.4,0.504402
84.4667,0.507401
84.5333,0.502368
84.6,0.498372
84.6667,0.473291
84.7333,0.473802
84.8,0.483008
84.8667,0.510585
84.9333,0.501628
85,0.497219
85.0667,0.488996
85.1333,0.492702
85.2,0.497468
85.2667,0.505459
85.3333,0.509641
85.4,0.511195
85.4667,0.509336
85.5333,0.50624
85.6,0.502091
85.6667,0.49974
85.7333,0.48938
85.8,0.480058
85.8667,0.472803
85.9333,0.472671
86,0.474591
86.0667,0.472641
86.1333,0.475318
86.2,0.468863
86.2667,0.461863
86.3333,0.449678
86.4,0.445403
86.4667,0.437227
86.5333,0.442277
86.6,0.44368
86.6667,0.45649
86.7333,0.458404
86.8,0.453316
86.8667,0.455871
86.9333,0.44273
87,0.452078
87.0667,0.447721
87.1333,0.460187
87.2,0.440416
87.2667,0.406471
87.3333,0.379619
87.4,0.419714
87.4667,0.466171
87.5333,0.511926
87.6,0.507152
87.6667,0.508984
87.7333,0.503659
87.8,0.503267
87.8667,0.502963
87.9333,0.505502
88,0.506049
88.0667,0.497335
88.1333,0.484142
88.2,0.473683
88.2667,0.469065
88.3333,0.465126
88.4,0.460877
88.4667,0.461689
88.5333,0.46365
88.6,0.462896
88.6667,0.458336
88.7333,0.455368
88.8,0.455117
88.8667,0.458083
88.9333,0.457904
89,0.459621
89.0667,0.464777
89.1333,0.477761
89.2,0.485716
89.2667,0.487465
89.3333,0.481122
89.4,0.475697
89.4667,0.428888
89.5333,0.378403
89.6,0.330287
89.6667,0.323877
89.7333,0.323755
89.8,0.314653
89.8667,0.318837
89.9333,0.325982
90,0.339198
90.0667,0.341309
90.1333,0.335273
90.2,0.335985
90.2667,0.317404
90.3333,0.307538
90.4,0.286485
90.4667,0.280837
90.5333,0.272183
90.6,0.268067
90.6667,0.268562
90.7333,0.337016
90.8,0.38872
90.8667,0.458386
90.9333,0.46174
91,0.485105
91.0667,0.482729
91.1333,0.481093
91.2,0.478049
91.2667,0.480338
91.3333,0.478557
91.4,0.469327
91.4667,0.465185
91.5333,0.463821
91.6,0.466918
91.6667,0.462419
91.7333,0.455061
91.8,0.447643
91.8667,0.448629
91.9333,0.450987
92,0.455079
92.0667,0.451677
92.1333,0.449532
92.2,0.449767
92.2667,0.452834
92.3333,0.453289
92.4,0.465318
92.4667,0.478726
92.5333,0.492194
92.6,0.491263
92.6667,0.490404
92.7333,0.488873
92.8,0.484844
92.8667,0.479056
92.9333,0.476134
93,0.478051
93.0667,0.478956
93.1333,0.478429
93.2,0.474117
93.2667,0.471929
93.3333,0.469186
93.4,0.468159
93.4667,0.466052
93.5333,0.463608
93.6,0.464752
93.6667,0.472965
93.7333,0.481571
93.8,0.48818
93.8667,0.488659
93.9333,0.491239
94,0.494863
94.0667,0.493081
94.1333,0.487797
94.2,0.470561
94.2667,0.451276
94.3333,0.450384
94.4,0.466256
94.4667,0.489722
94.5333,0.494531
94.6,0.48954
94.6667,0.482812
94.7333,0.452779
94.8,0.449536
94.8667,0.452314
94.9333,0.479276
95,0.471502
95.0667,0.453618
95.1333,0.446439
95.2,0.451976
95.2667,0.461135
95.3333,0.456502
95.4,0.413882
95.4667,0.355052
95.5333,0.274403
95.6,0.21475
95.6667,0.178794
95.7333,0.157115
95.8,0.202694
95.8667,0.24289
95.9333,0.28437
96,0.225978
96.0667,0.175207
96.1333,0.164236
96.2,0.219634
96.2667,0.256928
96.3333,0.28378
96.4,0.304758
96.4667,0.289812
96.5333,0.3145
96.6,0.311019
96.6667,0.326718
96.7333,0.331795
96.8,0.283386
96.8667,0.29219
96.9333,0.250187
97,0.26222
97.0667,0.269545
97.1333,0.244403
97.2,0.254102
97.2667,0.252691
97.3333,0.307291
97.4,0.284875
97.4667,0.290862
97.5333,0.28133
97.6,0.331318
97.6667,0.349042
97.7333,0.36007
97.8,0.374177
97.8667,0.391341
97.9333,0.403238
98,0.410226
98.0667,0.407693
98.1333,0.420516
98.2,0.399948
98.2667,0.405285
98.3333,0.3372
98.4,0.310176
98.4667,0.24963
98.5333,0.273195
98.6,0.267585
98.6667,0.304805
98.7333,0.371646
98.8,0.416318
98.8667,0.457313
98.9333,0.419749
99,0.474887
99.0667,0.504011
99.1333,0.564898
99.2,0.591628
99.2667,0.604867
99.3333,0.606325
99.4,0.561941
99.4667,0.530575
99.5333,0.492153
99.6,0.489103
99.6667,0.371727
99.7333,0.262029
99.8,0.16456
99.8667,0.221867
99.9333,0.263594
100,0.315764
100.067,0.353208
100.133,0.393631
100.2,0.403287
100.267,0.349643
100.333,0.379005
100.4,0.345283
100.467,0.335554
100.533,0.276356
100.6,0.317605
100.667,0.369145
100.733,0.386469
100.8,0.352843
100.867,0.324186
100.933,0.323877
101,0.376958
101.067,0.429468
101.133,0.478873
101.2,0.428555
101.267,0.401741
101.333,0.363739
101.4,0.370631
101.467,0.395755
101.533,0.445733
101.6,0.523318
101.667,0.51731
101.733,0.514732
101.8,0.489314
101.867,0.488768
101.933,0.407668
102,0.365693
102.067,0.355939
102.133,0.380215
102.2,0.375425
102.267,0.330465
102.333,0.329057
102.4,0.357014
102.467,0.412939
102.533,0.46706
102.6,0.514439
102.667,0.444697
102.733,0.3842
102.8,0.339905
102.867,0.370619
102.933,0.382395
103,0.352591
103.067,0.379236
103.133,0.339816
103.2,0.360895
103.267,0.328712
103.333,0.425207
103.4,0.466459
103.467,0.52346
103.533,0.530227
103.6,0.503379
103.667,0.500336
103.733,0.445298
103.8,0.39515
103.867,0.3592
103.933,0.382086
104,0.42106
104.067,0.436387
104.133,0.422766
104.2,0.414374
104.267,0.388086
104.333,0.372372
104.4,0.349674
104.467,0.356168
104.533,0.344046
104.6,0.327778
104.667,0.337016
104.733,0.362197
104.8,0.39317
104.867,0.340506
104.933,0.308427
105,0.26802
105.067,0.309147
105.133,0.345856
105.2,0.406466
105.267,0.434122
105.333,0.44386
105.4,0.427109
105.467,0.385167
105.533,0.379858
105.6,0.393131
105.667,0.433
105.733,0.399615
105.8,0.388271
105.867,0.409734
105.933,0.469835
106,0.500502
106.067,0.448681
106.133,0.391827
106.2,0.321145
106.267,0.362934
106.333,0.403875
106.4,0.470774
106.467,0.454403
106.533,0.42273
106.6,0.367957
106.667,0.381841
106.733,0.413716
106.8,0.473065
106.867,0.476256
106.933,0.471776
107,0.396844
107.067,0.376787
107.133,0.318715
107.2,0.347351
107.267,0.35753
107.333,0.413158
107.4,0.405684
107.467,0.390338
107.533,0.386835
107.6,0.41482
107.667,0.385861
107.733,0.353865
107.8,0.354599
107.867,0.364862
107.933,0.365702
108,0.313691
108.067,0.257456
108.133,0.227002
108.2,0.231839
108.267,0.230799
108.333,0.227785
108.4,0.171709
108.467,0.193561
108.533,0.160535
108.6,0.180922
108.667,0.22905
108.733,0.293724
108.8,0.384686
108.867,0.384327
108.933,0.401692
109,0.38667
109.067,0.391025
109.133,0.36537
109.2,0.359962
109.267,0.363321
109.333,0.386325
109.4,0.414403
109.467,0.432221
109.533,0.472797
109.6,0.478136
109.667,0.463569
109.733,0.440532
109.8,0.451705
109.867,0.441491
109.933,0.39479
110,0.33042
110.067,0.351262
110.133,0.417062
110.2,0.4794
110.267,0.414438
110.333,0.329547
110.4,0.263769
110.467,0.269786
110.533,0.267997
110.6,0.264113
110.667,0.274712
110.733,0.24487
110.8,0.230427
110.867,0.238101
110.933,0.273021
111,0.259988
111.067,0.197326
111.133,0.185304
111.2,0.217943
111.267,0.233826
111.333,0.268174
111.4,0.274851
111.467,0.311433
111.533,0.319496
111.6,0.352104
111.667,0.392259
111.733,0.393564
111.8,0.384007
111.867,0.397112
111.933,0.442097
112,0.484568
112.067,0.499638
112.133,0.495806
112.2,0.46949
112.267,0.406892
112.333,0.359045
112.4,0.373401
112.467,0.420356
112.533,0.477725
112.6,0.463938
112.667,0.442451
112.733,0.41599
112.8,0.437606
112.867,0.442141
112.933,0.426167
113,0.379819
113.067,0.346792
113.133,0.328874
113.2,0.265589
113.267,0.263888
113.333,0.265538
113.4,0.352732
113.467,0.416816
113.533,0.484238
113.6,0.457874
113.667,0.460193
113.733,0.452378
113.8,0.51574
113.867,0.481131
113.933,0.45813
114,0.447331
114.067,0.439424
114.133,0.425729
114.2,0.367641
114.267,0.377776
114.333,0.389695
114.4,0.406483
114.467,0.394457
114.533,0.348825
114.6,0.288683
114.667,0.25705
114.733,0.245998
114.8,0.264983
114.867,0.27725
114.933,0.279125
115,0.303043
115.067,0.351093
115.133,0.405113
115.2,0.451418
115.267,0.472153
115.333,0.501607
115.4,0.450994
115.467,0.382099
115.533,0.313723
115.6,0.322307
115.667,0.33641
115.733,0.356071
115.8,0.358055
115.867,0.365481
115.933,0.363446
116,0.377994
116.067,0.362047
116.133,0.352088
116.2,0.335641
116.267,0.339034
116.333,0.336978
116.4,0.285952
116.467,0.217501
116.533,0.213155
116.6,0.253814
116.667,0.271438
116.733,0.238607
116.8,0.213938
116.867,0.252023
116.933,0.292087
117,0.321884
117.067,0.349408
117.133,0.373237
117.2,0.350243
117.267,0.303947
117.333,0.264494
117.4,0.296915
117.467,0.251123
117.533,0.184092
117.6,0.0992356
117.667,0.119356
117.733,0.14634
117.8,0.187813
117.867,0.255164
117.933,0.32615
118,0.364881
118.067,0.37486
118.133,0.372176
118.2,0.340219
118.267,0.267151
118.333,0.237715
118.4,0.268095
118.467,0.330678
118.533,0.371986
118.6,0.387779
118.667,0.384089
118.733,0.388769
118.8,0.35051
118.867,0.355813
118.933,0.32952
119,0.347126
119.067,0.326588
119.133,0.319501
119.2,0.286043
119.267,0.273225
119.333,0.251237
119.4,0.252372
119.467,0.265665
119.533,0.29049
119.6,0.302601
119.667,0.272486
119.733,0.262587
119.8,0.268546
119.867,0.272226
119.933,0.247265
120,0.262884
120.067,0.306431
120.133,0.356462
120.2,0.346602
120.267,0.30472
120.333,0.26018
120.4,0.245386
120.467,0.280063
120.533,0.320514
120.6,0.349522
120.667,0.365851
120.733,0.363411
120.8,0.362673
120.867,0.357117
120.933,0.343308
121,0.341845
121.067,0.357073
121.133,0.389433
121.2,0.403997
121.267,0.378168
121.333,0.34762
121.4,0.333596
121.467,0.2949
121.533,0.280855
121.6,0.280816
121.667,0.299129
121.733,0.310692
121.8,0.250622
121.867,0.219516
121.933,0.181163
122,0.192989
122.067,0.242787
122.133,0.266188
122.2,0.30171
122.267,0.24919
122.333,0.210546
122.4,0.158128
122.467,0.138251
122.533,0.10736
122.6,0.0724797
122.667,0.106871
122.733,0.163721
122.8,0.240263
122.867,0.265085
122.933,0.286514
123,0.302724
123.067,0.319287
123.133,0.326097
123.2,0.313554
123.267,0.311467
123.333,0.309105
123.4,0.296069
123.467,0.259547
123.533,0.245045
123.6,0.21722
123.667,0.220221
123.733,0.169121
123.8,0.185095
123.867,0.168447
123.933,0.190643
124,0.195574
124.067,0.193445
124.133,0.193255
124.2,0.199856
124.267,0.212121
124.333,0.226552
124.4,0.190055
124.467,0.187113
124.533,0.185816
124.6,0.210448
124.667,0.224381
124.733,0.242842
124.8,0.269736
124.867,0.251735
124.933,0.22652
125,0.204813
125.067,0.219691
125.133,0.241678
125.2,0.252072
125.267,0.233813
125.333,0.218697
125.4,0.217109
125.467,0.254913
125.533,0.29778
125.6,0.312181
125.667,0.33843
125.733,0.325555
125.8,0.322984
125.867,0.286327
125.933,0.301819
126,0.317865
126.067,0.354003
126.133,0.358692
126.2,0.370749
126.267,0.388644
126.333,0.383501
126.4,0.349532
126.467,0.352988
126.533,0.411072
126.6,0.448039
126.667,0.371387
126.733,0.315003
126.8,0.340155
126.867,0.3871
126.933,0.38244
127,0.377065
127.067,0.380087
127.133,0.39596
127.2,0.378395
127.267,0.374237
127.333,0.34387
127.4,0.26303
127.467,0.207171
127.533,0.178209
127.6,0.192193
127.667,0.232009
127.733,0.268397
127.8,0.283864
127.867,0.265173
127.933,0.250439
128,0.268665
128.067,0.311992
128.133,0.345829
128.2,0.34548
128.267,0.302314
128.333,0.267867
128.4,0.258373
128.467,0.2833
128.533,0.286797
128.6,0.256303
128.667,0.21317
128.733,0.191825
128.8,0.203293
128.867,0.239084
128.933,0.255544
129,0.278983
129.067,0.274829
129.133,0.254307
129.2,0.237585
129.267,0.24048
129.333,0.25863
129.4,0.249404
129.467,0.235333
129.533,0.222074
129.6,0.250048
129.667,0.265441
129.733,0.281337
129.8,0.257233
129.867,0.221603
129.933,0.194991
130,0.179929
130.067,0.186708
130.133,0.16828
130.2,0.166535
130.267,0.13691
130.333,0.155305
130.4,0.145641
130.467,0.159011
130.533,0.146262
130.6,0.151521
130.667,0.14822
130.733,0.147712
130.8,0.138508
130.867,0.122623
130.933,0.107307
131,0.104109
131.067,0.10506
131.133,0.108305
131.2,0.108079
131.267,0.107893
131.333,0.106922
131.4,0.10615
131.467,0.106147
131.533,0.104065
131.6,0.104497
131.667,0.103564
131.733,0.105969
131.8,0.106877
131.867,0.109288
131.933,0.107336
132,0.106971
132.067,0.105426
132.133,0.105524
132.2,0.104061
132.267,0.104001
132.333,0.102062
132.4,0.103094
132.467,0.102736
132.533,0.10469
132.6,0.104999
132.667,0.100726
132.733,0.0970894
132.8,0.0952946
132.867,0.0991964
132.933,0.101501
133,0.102398
133.067,0.0964402
133.133,0.0947617
133.2,0.0955938
133.267,0.101378
133.333,0.105657
133.4,0.110302
133.467,0.105884
133.533,0.112673
133.6,0.12035
133.667,0.129396
133.733,0.12383
133.8,0.128503
133.867,0.147342
133.933,0.175989
134,0.191372
134.067,0.207697
134.133,0.202402
134.2,0.210281
134.267,0.199205
134.333,0.213584
134.4,0.225533
134.467,0.245838
134.533,0.267092
134.6,0.267901
134.667,0.265625
134.733,0.227374
134.8,0.209817
134.867,0.196184
134.933,0.207969
135,0.233106
135.067,0.273382
135.133,0.281166
135.2,0.278087
135.267,0.229058
135.333,0.234635
135.4,0.20889
135.467,0.22506
135.533,0.179614
135.6,0.166387
135.667,0.188596
135.733,0.240632
135.8,0.288445
135.867,0.252353
135.933,0.239276
136,0.233407
136.067,0.250461
136.133,0.268621
136.2,0.245729
136.267,0.237969
136.333,0.178193
136.4,0.184839
136.467,0.156518
136.533,0.157621
136.6,0.157121
136.667,0.186617
136.733,0.219527
136.8,0.210127
136.867,0.225585
136.933,0.235286
137,0.221178
137.067,0.167833
137.133,0.156774
137.2,0.134428
137.267,0.150233
137.333,0.124124
137.4,0.139297
137.467,0.129086
137.533,0.124894
137.6,0.12686
137.667,0.127973
137.733,0.147993
137.8,0.154581
137.867,0.158764
137.933,0.146561
138,0.129948
138.067,0.123171
138.133,0.111488
138.2,0.112945
138.267,0.110891
138.333,0.116617
138.4,0.10829
138.467,0.106966
138.533,0.0944195
138.6,0.0890495
138.667,0.0899965
138.733,0.0997907
138.8,0.107942
138.867,0.107178
138.933,0.109854
139,0.11206
139.067,0.112754
139.133,0.107935
139.2,0.102975
139.267,0.0957113
139.333,0.0895524
139.4,0.0893081
139.467,0.0924967
139.533,0.0852457
139.6,0.0744221
139.667,0.0766467
139.733,0.0859667
139.8,0.0979803
139.867,0.0903048
139.933,0.0889254
140,0.0864605
140.067,0.0941922
140.133,0.0996379
140.2,0.0987261
140.267,0.0945409
140.333,0.0854965
140.4,0.0768935
140.467,0.0786073
140.533,0.0877171
140.6,0.101842
140.667,0.0905255
140.733,0.0743725
140.8,0.0660125
140.867,0.067725
140.933,0.0672273
141,0.0611938
141.067,0.0655161
141.133,0.0634509
141.2,0.0709501
141.267,0.0819082
141.333,0.100356
141.4,0.0881769
141.467,0.0816653
141.533,0.072694
141.6,0.0906026
141.667,0.106014
141.733,0.109268
141.8,0.107623
141.867,0.0844998
141.933,0.0761359
142,0.0812185
142.067,0.127896
142.133,0.178335
142.2,0.216401
142.267,0.20048
142.333,0.235782
142.4,0.241366
142.467,0.256455
142.533,0.242749
142.6,0.242948
142.667,0.240701
142.733,0.221064
142.8,0.202828
142.867,0.22327
142.933,0.247726
143,0.267873
143.067,0.240531
143.133,0.198717
143.2,0.159612
143.267,0.170754
143.333,0.18375
143.4,0.192969
143.467,0.190371
143.533,0.187623
143.6,0.165509
143.667,0.139194
143.733,0.12579
143.8,0.141059
143.867,0.143502
143.933,0.124965
144,0.123516
144.067,0.149117
144.133,0.173194
144.2,0.186967
144.267,0.199045
144.333,0.228325
144.4,0.244242
144.467,0.248581
144.533,0.23526
144.6,0.194149
144.667,0.186472
144.733,0.159297
144.8,0.161871
144.867,0.145658
144.933,0.15787
145,0.168484
145.067,0.150075
145.133,0.141058
145.2,0.137166
145.267,0.1257
145.333,0.125422
145.4,0.140053
145.467,0.177592
145.533,0.176761
145.6,0.171935
145.667,0.153043
145.733,0.143169
145.8,0.121499
145.867,0.0931341
145.933,0.0826123
146,0.0730688
146.067,0.0747683
146.133,0.0806869
146.2,0.103954
146.267,0.12518
146.333,0.138321
146.4,0.137499
146.467,0.133783
146.533,0.126877
146.6,0.121429
146.667,0.114754
146.733,0.10599
146.8,0.098747
146.867,0.0955925
146.933,0.0943437
147,0.0904184
147.067,0.0875225
147.133,0.085456
147.2,0.0858243
147.267,0.0861261
147.333,0.087
147.4,0.0875264
147.467,0.0874284
147.533,0.0868733
147.6,0.0861601
147.667,0.0858505
147.733,0.0849439
147.8,0.0840883
147.867,0.0833137
147.933,0.0831478
148,0.0830316
148.067,0.0837709
148.133,0.0843391
148.2,0.085311
148.267,0.0843744
148.333,0.0838584
148.4,0.0828487
148.467,0.0833098
148.533,0.0836534
148.6,0.0839721
148.667,0.0839551
148.733,0.0844763
148.8,0.0859014
148.867,0.086548
148.933,0.0869673
149,0.0867479
149.067,0.0895001
149.133,0.0910075
149.2,0.0924353
149.267,0.0920147
149.333,0.0930949
149.4,0.0949955
149.467,0.0957375
149.533,0.0962273
149.6,0.0949315
149.667,0.0969183
149.733,0.0989848
149.8,0.100816
149.867,0.0982076
149.933,0.0964742
150,0.0949537
150.067,0.0988803
150.133,0.102768
150.2,0.107552
150.267,0.107687
150.333,0.109533
150.4,0.10898
150.467,0.109035
150.533,0.106858
150.6,0.105101
150.667,0.10448
150.733,0.101269
150.8,0.0989678
150.867,0.0940328
150.933,0.0939192
151,0.0953782
151.067,0.10163
151.133,0.106877
151.2,0.112204
151.267,0.109066
151.333,0.110126
151.4,0.114769
151.467,0.126613
151.533,0.135967
151.6,0.144505
151.667,0.143281
151.733,0.136627
151.8,0.13707
151.867,0.138098
151.933,0.14614
152,0.147874
152.067,0.15517
152.133,0.161116
152.2,0.173681
152.267,0.186546
152.333,0.196708
152.4,0.202671
152.467,0.207973
152.533,0.212503
152.6,0.198718
152.667,0.189815
152.733,0.180402
152.8,0.184796
152.867,0.190736
152.933,0.200598
153,0.219554
153.067,0.221773
153.133,0.22452
153.2,0.205639
153.267,0.212886
153.333,0.210346
153.4,0.212485
153.467,0.207517
153.533,0.220637
153.6,0.227777
153.667,0.226016
153.733,0.201046
153.8,0.198564
153.867,0.194328
153.933,0.201773
154,0.182442
154.067,0.179928
154.133,0.181827
154.2,0.194375
154.267,0.182625
154.333,0.171044
154.4,0.169948
154.467,0.165876
154.533,0.165363
154.6,0.138597
154.667,0.129325
154.733,0.112966
154.8,0.132337
154.867,0.132133
154.933,0.134973
155,0.129048
155.067,0.125402
155.133,0.118996
155.2,0.108723
155.267,0.131472
155.333,0.1426
155.4,0.134064
155.467,0.133892
155.533,0.135641
155.6,0.147398
155.667,0.14776
155.733,0.144664
155.8,0.14494
155.867,0.137147
155.933,0.121902
156,0.121754
156.067,0.116893
156.133,0.129261
156.2,0.136212
156.267,0.136213
156.333,0.13251
156.4,0.120939
156.467,0.115942
156.533,0.106274
156.6,0.102455
156.667,0.097126
156.733,0.103669
156.8,0.110861
156.867,0.110669
156.933,0.106291
157,0.0979515
157.067,0.0967694
157.133,0.0987523
157.2,0.101838
157.267,0.103626
157.333,0.104495
157.4,0.102583
157.467,0.106096
157.533,0.110212
157.6,0.113632
157.667,0.11427
157.733,0.112555
157.8,0.105076
157.867,0.109713
157.933,0.111006
158,0.121015
158.067,0.108694
158.133,0.105295
158.2,0.100863
158.267,0.10967
158.333,0.119605
158.4,0.128083
158.467,0.130208
158.533,0.121286
158.6,0.118676
158.667,0.110324
158.733,0.111027
158.8,0.106357
158.867,0.10763
158.933,0.112994
159,0.116317
159.067,0.118526
159.133,0.10863
159.2,0.117483
159.267,0.13461
159.333,0.152858
159.4,0.154042
159.467,0.154777
159.533,0.160175
159.6,0.161106
159.667,0.141137
159.733,0.137822
159.8,0.131509
159.867,0.146887
159.933,0.151463
160,0.167343
160.067,0.166803
160.133,0.154312
160.2,0.150864
160.267,0.160132
160.333,0.172175
160.4,0.160194
160.467,0.14596
160.533,0.142714
160.6,0.157093
160.667,0.170525
160.733,0.158893
160.8,0.140232
160.867,0.132999
160.933,0.142883
161,0.149601
161.067,0.148283
161.133,0.128689
161.2,0.132758
161.267,0.132563
161.333,0.144156
161.4,0.128607
161.467,0.112389
161.533,0.0998495
161.6,0.0941334
161.667,0.0911852
161.733,0.0901532
161.8,0.0903348
161.867,0.0912531
161.933,0.093603
162,0.0969692
162.067,0.0995426
162.133,0.100291
162.2,0.103831
162.267,0.107872
162.333,0.110595
162.4,0.110882
162.467,0.116803
162.533,0.12562
162.6,0.134135
162.667,0.135987
162.733,0.135824
162.8,0.133997
162.867,0.135172
162.933,0.139957
163,0.142901
163.067,0.13981
163.133,0.128003
163.2,0.127832
163.267,0.123157
163.333,0.138244
163.4,0.127333
163.467,0.136985
163.533,0.130482
163.6,0.145406
163.667,0.152273
163.733,0.15078
163.8,0.141871
163.867,0.125781
163.933,0.125188
164,0.122738
164.067,0.113045
164.133,0.107986
164.2,0.0936605
164.267,0.110882
164.333,0.123502
164.4,0.146955
164.467,0.150217
164.533,0.138539
164.6,0.131454
164.667,0.122235
164.733,0.120281
164.8,0.11528
164.867,0.105833
164.933,0.0986125
165,0.0932673
165.067,0.0916789
165.133,0.0922615
165.2,0.0923125
165.267,0.09687
165.333,0.0991912
165.4,0.10352
165.467,0.106409
165.533,0.111649
165.6,0.108992
165.667,0.106063
165.733,0.103489
165.8,0.108006
165.867,0.110622
165.933,0.111024
166,0.111457
166.067,0.1101
166.133,0.108466
166.2,0.108829
166.267,0.115826
166.333,0.119809
166.4,0.124133
166.467,0.127311
166.533,0.135156
166.6,0.142254
166.667,0.143159
166.733,0.151418
166.8,0.154103
166.867,0.13536
166.933,0.126357
167,0.121021
167.067,0.138503
167.133,0.131897
167.2,0.126716
167.267,0.123246
167.333,0.125217
167.4,0.125303
167.467,0.128442
167.533,0.129493
167.6,0.133373
167.667,0.131994
167.733,0.133873
167.8,0.13347
167.867,0.133939
167.933,0.130629
168,0.131134
168.067,0.135957
168.133,0.139378
168.2,0.138857
168.267,0.141666
168.333,0.148994
168.4,0.153432
168.467,0.150729
168.533,0.149241
168.6,0.158849
168.667,0.169744
168.733,0.175855
168.8,0.159698
168.867,0.14576
168.933,0.154806
169,0.156081
169.067,0.154247
169.133,0.14877
169.2,0.169928
169.267,0.168664
169.333,0.154268
169.4,0.152012
169.467,0.180433
169.533,0.198282
169.6,0.193101
169.667,0.17284
169.733,0.166876
169.8,0.165746
169.867,0.167386
169.933,0.169219
170,0.163004
170.067,0.17108
170.133,0.172841
170.2,0.185682
170.267,0.185838
170.333,0.165441
170.4,0.158488
170.467,0.149102
170.533,0.155355
170.6,0.136976
170.667,0.124549
170.733,0.110772
170.8,0.105299
170.867,0.0958589
170.933,0.0934385
171,0.0900762
171.067,0.090617
171.133,0.091065
171.2,0.0918148
171.267,0.0907959
171.333,0.0880724
171.4,0.0857225
171.467,0.0841693
171.533,0.0831753
171.6,0.0837278
171.667,0.0842595
171.733,0.0844685
171.8,0.0844489
171.867,0.0840688
171.933,0.083831
172,0.0834862
172.067,0.0838911
172.133,0.0843914
172.2,0.0842699
172.267,0.0834979
172.333,0.0826841
172.4,0.0838859
172.467,0.0853463
172.533,0.0869765
172.6,0.0870274
172.667,0.0867074
172.733,0.0862685
172.8,0.0859106
172.867,0.0859837
172.933,0.086228
173,0.0864474
173.067,0.0864213
173.133,0.0861836
173.2,0.0862149
173.267,0.0859315
173.333,0.085776
173.4,0.0853528
173.467,0.0852862
173.533,0.0851555
173.6,0.085166
173.667,0.0851608
173.733,0.0851464
173.8,0.08555
173.867,0.0862698
173.933,0.087141
174,0.087354
174.067,0.0876309
174.133,0.0875473
174.2,0.0869791
174.267,0.086019
174.333,0.0860203
174.4,0.0861365
174.467,0.086595
174.533,0.085631
174.6,0.0851137
174.667,0.0843836
174.733,0.084573
174.8,0.0852927
174.867,0.0862397
174.933,0.0876962
175,0.0897209
175.067,0.0918422
175.133,0.0910833
175.2,0.0847963
175.267,0.0888888
175.333,0.0968556
175.4,0.111629
175.467,0.11751
175.533,0.119992
175.6,0.122559
175.667,0.122812
175.733,0.128088
175.8,0.132324
175.867,0.142406
175.933,0.142546
176,0.132372
176.067,0.114043
176.133,0.106901
176.2,0.122424
176.267,0.135673
176.333,0.14045
176.4,0.134793
176.467,0.15147
176.533,0.171484
176.6,0.184249
176.667,0.20315
176.733,0.218039
176.8,0.23107
176.867,0.235136
176.933,0.240258
177,0.232929
177.067,0.200778
177.133,0.171406
177.2,0.124924
177.267,0.135891
177.333,0.153069
177.4,0.218356
177.467,0.194929
177.533,0.15611
177.6,0.125274
177.667,0.169986
177.733,0.21424
177.8,0.232167
177.867,0.225994
177.933,0.238923
178,0.275959
178.067,0.290226
178.133,0.278753
178.2,0.236425
178.267,0.204166
178.333,0.203144
178.4,0.189158
178.467,0.168502
178.533,0.111975
178.6,0.093603
178.667,0.122036
178.733,0.165398
178.8,0.196095
178.867,0.184732
178.933,0.183419
179,0.15902
179.067,0.139478
179.133,0.107781
179.2,0.107815
179.267,0.115002
179.333,0.122979
179.4,0.124184
179.467,0.1239
179.533,0.135174
179.6,0.134082
179.667,0.130925
179.733,0.139186
179.8,0.14813
179.867,0.151544
179.933,0.137385
180,0.126113
180.067,0.120565
180.133,0.122551
180.2,0.133095
180.267,0.141362
180.333,0.143095
180.4,0.144231
180.467,0.144078
180.533,0.145165
180.6,0.150588
180.667,0.155668
180.733,0.158986
180.8,0.156973
180.867,0.157025
180.933,0.160837
181,0.163978
181.067,0.162834
181.133,0.162151
181.2,0.15644
181.267,0.158202
181.333,0.158795
181.4,0.164071
181.467,0.159697
181.533,0.153133
181.6,0.146411
181.667,0.147807
181.733,0.15375
181.8,0.160459
181.867,0.163833
181.933,0.167554
182,0.173168
182.067,0.169137
182.133,0.161247
182.2,0.145758
182.267,0.148365
182.333,0.155287
182.4,0.165917
182.467,0.169458
182.533,0.170418
182.6,0.173976
182.667,0.175655
182.733,0.175984
182.8,0.176973
182.867,0.175468
182.933,0.172444
183,0.172114
183.067,0.178077
183.133,0.183538
183.2,0.186755
183.267,0.185026
183.333,0.182344
183.4,0.183973
183.467,0.186912
183.533,0.195537
183.6,0.193571
183.667,0.198645
183.733,0.203269
183.8,0.215027
183.867,0.212102
183.933,0.201852
184,0.197717
184.067,0.222601
184.133,0.246397
184.2,0.255716
184.267,0.242531
184.333,0.234066
184.4,0.224104
184.467,0.218401
184.533,0.21925
184.6,0.234618
184.667,0.249407
184.733,0.258231
184.8,0.253027
184.867,0.239925
184.933,0.221713
185,0.223535
185.067,0.224708
185.133,0.227939
185.2,0.209888
185.267,0.199208
185.333,0.197937
185.4,0.210711
185.467,0.218725
185.533,0.237815
185.6,0.263351
185.667,0.283589
185.733,0.290373
185.8,0.28451
185.867,0.278519
185.933,0.270279
186,0.269024
186.067,0.254159
186.133,0.238659
186.2,0.231161
186.267,0.242072
186.333,0.248306
186.4,0.240048
186.467,0.240161
186.533,0.247557
186.6,0.25273
186.667,0.254288
186.733,0.259884
186.8,0.280877
186.867,0.304558
186.933,0.321653
187,0.322092
187.067,0.318304
187.133,0.312273
187.2,0.305279
187.267,0.299479
187.333,0.299249
187.4,0.29667
187.467,0.293362
187.533,0.29075
187.6,0.298087
187.667,0.306587
187.733,0.309125
187.8,0.30833
187.867,0.308666
187.933,0.313305
188,0.320285
188.067,0.324246
188.133,0.325438
188.2,0.324562
188.267,0.321444
188.333,0.316557
188.4,0.311629
188.467,0.309894
188.533,0.310659
188.6,0.305241
188.667,0.299218
188.733,0.29702
188.8,0.299816
188.867,0.30316
188.933,0.30232
189,0.302105
189.067,0.291486
189.133,0.284412
189.2,0.280884
189.267,0.294009
189.333,0.305582
189.4,0.310586
189.467,0.311933
189.533,0.312292
189.6,0.312548
189.667,0.313754
189.733,0.309724
189.8,0.309946
189.867,0.309052
189.933,0.313791
190,0.3154
190.067,0.318767
190.133,0.320835
190.2,0.303473
190.267,0.27743
190.333,0.243396
190.4,0.265889
190.467,0.266934
190.533,0.290276
190.6,0.284442
190.667,0.304695
190.733,0.302616
190.8,0.295446
190.867,0.281333
190.933,0.296317
191,0.296885
191.067,0.303317
191.133,0.287811
191.2,0.275587
191.267,0.279688
191.333,0.293174
191.4,0.316146
191.467,0.320776
191.533,0.298471
191.6,0.278885
191.667,0.271083
191.733,0.267897
191.8,0.272328
191.867,0.264443
191.933,0.28005
192,0.286741
192.067,0.285185
192.133,0.272436
192.2,0.263753
192.267,0.270906
192.333,0.283241
192.4,0.292615
192.467,0.304264
192.533,0.305244
192.6,0.306293
192.667,0.306272
192.733,0.307933
192.8,0.314374
192.867,0.306694
192.933,0.301187
193,0.283838
193.067,0.276418
193.133,0.268022
193.2,0.271776
193.267,0.279509
193.333,0.300067
193.4,0.304473
193.467,0.308051
193.533,0.305145
193.6,0.300169
193.667,0.303458
193.733,0.302032
193.8,0.317943
193.867,0.325715
193.933,0.334083
194,0.338673
194.067,0.330253
194.133,0.326371
194.2,0.322981
194.267,0.317873
194.333,0.321763
194.4,0.311731
194.467,0.320553
194.533,0.313491
194.6,0.31966
194.667,0.303325
194.733,0.291914
194.8,0.277101
194.867,0.288617
194.933,0.294206
195,0.307676
195.067,0.310659
195.133,0.319613
195.2,0.320321
195.267,0.321721
195.333,0.318914
195.4,0.317012
195.467,0.305633
195.533,0.3035
195.6,0.307231
195.667,0.320162
195.733,0.324187
195.8,0.323112
195.867,0.317315
195.933,0.316782
196,0.316255
196.067,0.318754
196.133,0.319859
196.2,0.314463
196.267,0.294471
196.333,0.272675
196.4,0.234043
196.467,0.221436
196.533,0.217775
196.6,0.248746
196.667,0.217148
196.733,0.179267
196.8,0.127693
196.867,0.1292
196.933,0.125376
197,0.139388
197.067,0.167585
197.133,0.162683
197.2,0.185998
197.267,0.153837
197.333,0.167422
197.4,0.168644
197.467,0.172707
197.533,0.161414
197.6,0.124078
197.667,0.130695
197.733,0.135891
197.8,0.127454
197.867,0.125179
197.933,0.130575
198,0.114116
198.067,0.0805758
198.133,0.0623315
198.2,0.137008
198.267,0.178066
198.333,0.156046
198.4,0.0837461
198.467,0.0694936
198.533,0.139311
198.6,0.165725
198.667,0.170703
198.733,0.196322
198.8,0.180748
198.867,0.190414
198.933,0.185393
199,0.242503
199.067,0.292315
199.133,0.304434
199.2,0.322557
199.267,0.309863
199.333,0.303504
199.4,0.265373
199.467,0.244882
199.533,0.18007
199.6,0.211218
199.667,0.216207
199.733,0.283928
199.8,0.205884
199.867,0.157292
199.933,0.0734842
200,0.0832837
200.067,0.0921949
200.133,0.0986269
200.2,0.129795
200.267,0.215646
200.333,0.326483
200.4,0.403868
200.467,0.428075
200.533,0.418431
200.6,0.410761
200.667,0.401278
200.733,0.425118
200.8,0.437525
200.867,0.456591
200.933,0.409745
201,0.421704
201.067,0.42759
201.133,0.473066
201.2,0.465253
201.267,0.42458
201.333,0.422265
201.4,0.381244
201.467,0.394636
201.533,0.366568
201.6,0.378428
201.667,0.374235
201.733,0.387752
201.8,0.36779
201.867,0.357599
201.933,0.363423
202,0.399483
202.067,0.414268
202.133,0.40495
202.2,0.400335
202.267,0.382968
202.333,0.361777
202.4,0.356361
202.467,0.356169
202.533,0.359653
202.6,0.358592
202.667,0.36606
202.733,0.37709
202.8,0.374333
202.867,0.36913
202.933,0.359153
203,0.349916
203.067,0.328031
203.133,0.332193
203.2,0.342404
203.267,0.364738
203.333,0.367844
203.4,0.363825
203.467,0.361685
203.533,0.357669
203.6,0.373568
203.667,0.386857
203.733,0.394878
203.8,0.379049
203.867,0.388294
203.933,0.404954
204,0.417785
204.067,0.37501
204.133,0.375379
204.2,0.355922
204.267,0.384072
204.333,0.394757
204.4,0.436467
204.467,0.473149
204.533,0.470225
204.6,0.464491
204.667,0.453094
204.733,0.452402
204.8,0.452633
204.867,0.456098
204.933,0.460261
205,0.459573
205.067,0.441236
205.133,0.42105
205.2,0.418664
205.267,0.403515
205.333,0.402021
205.4,0.402384
205.467,0.415687
205.533,0.386652
205.6,0.352377
205.667,0.349947
205.733,0.387139
205.8,0.417851
205.867,0.410218
205.933,0.435078
206,0.439721
206.067,0.456746
206.133,0.435102
206.2,0.463952
206.267,0.495467
206.333,0.494664
206.4,0.477705
206.467,0.460922
206.533,0.484363
206.6,0.506898
206.667,0.391655
206.733,0.373365
206.8,0.336415
206.867,0.428087
206.933,0.39157
207,0.374142
207.067,0.365826
207.133,0.367675
207.2,0.411001
207.267,0.462084
207.333,0.530362
207.4,0.50094
207.467,0.481432
207.533,0.46511
207.6,0.472186
207.667,0.481007
207.733,0.476255
207.8,0.491729
207.867,0.493818
207.933,0.48101
208,0.458162
208.067,0.415569
208.133,0.391538
208.2,0.361701
208.267,0.363958
208.333,0.368893
208.4,0.388684
208.467,0.385698
208.533,0.377155
208.6,0.369599
208.667,0.366739
208.733,0.367816
208.8,0.36341
208.867,0.362945
208.933,0.369591
209,0.355638
209.067,0.395104
209.133,0.42702
209.2,0.485136
209.267,0.484117
209.333,0.476392
209.4,0.448415
209.467,0.436096
209.533,0.427225
209.6,0.440739
209.667,0.436006
209.733,0.421747
209.8,0.414109
209.867,0.410211
209.933,0.423655
210,0.431101
210.067,0.428611
210.133,0.419536
210.2,0.410094
210.267,0.412288
210.333,0.370516
210.4,0.371231
210.467,0.374664
210.533,0.419934
210.6,0.429186
210.667,0.425594
210.733,0.46083
210.8,0.466138
210.867,0.480268
210.933,0.459745
211,0.467079
211.067,0.466825
211.133,0.469433
211.2,0.471311
211.267,0.475961
211.333,0.473435
211.4,0.483665
211.467,0.477723
211.533,0.485933
211.6,0.475474
211.667,0.472795
211.733,0.457297
211.8,0.442461
211.867,0.419492
211.933,0.392203
212,0.362097
212.067,0.39414
212.133,0.431777
212.2,0.472537
212.267,0.468642
212.333,0.468269
212.4,0.464897
212.467,0.467618
212.533,0.436249
212.6,0.436489
212.667,0.437951
212.733,0.465309
212.8,0.468625
212.867,0.465256
212.933,0.466419
213,0.46569
213.067,0.454641
213.133,0.440097
213.2,0.419958
213.267,0.411823
213.333,0.409369
213.4,0.410586
213.467,0.413965
213.533,0.418404
213.6,0.420916
213.667,0.418838
213.733,0.416588
213.8,0.414932
213.867,0.412129
213.933,0.407072
214,0.403142
214.067,0.41661
214.133,0.443423
214.2,0.463344
214.267,0.470679
214.333,0.461745
214.4,0.449669
214.467,0.432279
214.533,0.419966
214.6,0.416818
214.667,0.426202
214.733,0.432581
214.8,0.433832
214.867,0.426623
214.933,0.428574
215,0.439066
215.067,0.451942
215.133,0.450023
215.2,0.440741
215.267,0.434311
215.333,0.43083
215.4,0.434296
215.467,0.417136
215.533,0.420494
215.6,0.421837
215.667,0.44549
215.733,0.43674
215.8,0.435525
215.867,0.439347
215.933,0.460973
216,0.472058
216.067,0.470658
216.133,0.472411
216.2,0.475411
216.267,0.480737
216.333,0.480797
216.4,0.476288
216.467,0.470057
216.533,0.465642
216.6,0.469229
216.667,0.474132
216.733,0.471166
216.8,0.449568
216.867,0.429046
216.933,0.412237
217,0.410543
217.067,0.410772
217.133,0.409875
217.2,0.409941
217.267,0.410032
217.333,0.42041
217.4,0.43701
217.467,0.455123
217.533,0.437785
217.6,0.415888
217.667,0.386798
217.733,0.390278
217.8,0.40277
217.867,0.418742
217.933,0.428691
218,0.430011
218.067,0.429514
218.133,0.426806
218.2,0.419569
218.267,0.416229
218.333,0.418623
218.4,0.425187
218.467,0.426238
218.533,0.415222
218.6,0.398796
218.667,0.393397
218.733,0.403854
218.8,0.416298
218.867,0.423048
218.933,0.425522
219,0.428049
219.067,0.454916
219.133,0.482253
219.2,0.506864
219.267,0.426294
219.333,0.410356
219.4,0.413017
219.467,0.431059
219.533,0.447467
219.6,0.397055
219.667,0.453317
219.733,0.319596
219.8,0.286003
219.867,0.182553
219.933,0.256792
220,0.318062
220.067,0.415155
220.133,0.43982
220.2,0.428799
220.267,0.411482
220.333,0.402651
220.4,0.417872
220.467,0.427106
220.533,0.452045
220.6,0.442636
220.667,0.425347
220.733,0.447792
220.8,0.486885
220.867,0.550831
220.933,0.549794
221,0.528073
221.067,0.52531
221.133,0.535893
221.2,0.540529
221.267,0.516758
221.333,0.509088
221.4,0.512344
221.467,0.503498
221.533,0.48285
221.6,0.470532
221.667,0.467153
221.733,0.460142
221.8,0.448926
221.867,0.431618
221.933,0.411064
222,0.396168
222.067,0.405494
222.133,0.418305
222.2,0.434688
222.267,0.431031
222.333,0.456063
222.4,0.461638
222.467,0.426483
222.533,0.404013
222.6,0.405601
222.667,0.445524
222.733,0.44411
222.8,0.43997
222.867,0.433592
222.933,0.436068
223,0.437948
223.067,0.440419
223.133,0.442184
223.2,0.433593
223.267,0.426072
223.333,0.416853
223.4,0.415861
223.467,0.420476
223.533,0.424243
223.6,0.428844
223.667,0.428345
223.733,0.427851
223.8,0.42627
223.867,0.423771
223.933,0.421424
224,0.415646
224.067,0.408642
224.133,0.400869
224.2,0.391102
224.267,0.388854
224.333,0.381747
224.4,0.378498
224.467,0.369409
224.533,0.370773
224.6,0.373319
224.667,0.373421
224.733,0.376135
224.8,0.368213
224.867,0.378071
224.933,0.370892
225,0.360758
225.067,0.345387
225.133,0.336224
225.2,0.341648
225.267,0.352713
225.333,0.357039
225.4,0.360285
225.467,0.351085
225.533,0.32869
225.6,0.287075
225.667,0.254248
225.733,0.313984
225.8,0.396723
225.867,0.457482
225.933,0.463996
226,0.466041
226.067,0.485558
226.133,0.490574
226.2,0.474223
226.267,0.425242
226.333,0.377926
226.4,0.383629
226.467,0.413977
226.533,0.441876
226.6,0.434396
226.667,0.432944
226.733,0.431644
226.8,0.436721
226.867,0.436983
226.933,0.398315
227,0.386567
227.067,0.371387
227.133,0.415375
227.2,0.373986
227.267,0.375618
227.333,0.313231
227.4,0.37562
227.467,0.398654
227.533,0.476527
227.6,0.468019
227.667,0.454388
227.733,0.428543
227.8,0.429425
227.867,0.425066
227.933,0.421837
228,0.419493
228.067,0.41849
228.133,0.400617
228.2,0.373517
228.267,0.355861
228.333,0.371123
228.4,0.386157
228.467,0.402775
228.533,0.400723
228.6,0.398115
228.667,0.391365
228.733,0.38987
228.8,0.401967
228.867,0.419607
228.933,0.435089
229,0.419478
229.067,0.371932
229.133,0.347291
229.2,0.354978
229.267,0.393716
229.333,0.409788
229.4,0.391941
229.467,0.363676
229.533,0.342507
229.6,0.360629
229.667,0.386422
229.733,0.389505
229.8,0.379794
229.867,0.381587
229.933,0.38696
230,0.392117
230.067,0.386341
230.133,0.365527
230.2,0.319896
230.267,0.28245
230.333,0.294179
230.4,0.325621
230.467,0.364149
230.533,0.391281
230.6,0.409617
230.667,0.401156
230.733,0.377151
230.8,0.3869
230.867,0.373984
230.933,0.383185
231,0.36382
231.067,0.366055
231.133,0.392604
231.2,0.379439
231.267,0.367402
231.333,0.339807
231.4,0.3085
231.467,0.295472
231.533,0.275553
231.6,0.343689
231.667,0.402156
231.733,0.39351
231.8,0.370228
231.867,0.28974
231.933,0.324781
232,0.331782
232.067,0.40173
232.133,0.401548
232.2,0.394357
232.267,0.38042
232.333,0.366155
232.4,0.397629
232.467,0.439833
232.533,0.460553
232.6,0.447544
232.667,0.440686
232.733,0.417637
232.8,0.423466
232.867,0.433366
232.933,0.477739
233,0.478645
233.067,0.474933
233.133,0.473494
233.2,0.459849
233.267,0.440152
233.333,0.426342
233.4,0.411546
233.467,0.397868
233.533,0.379546
233.6,0.3811
233.667,0.371677
233.733,0.369678
233.8,0.367426
233.867,0.368432
233.933,0.364434
234,0.361928
234.067,0.36446
234.133,0.379682
234.2,0.392726
234.267,0.399854
234.333,0.398548
234.4,0.400148
234.467,0.403246
234.533,0.404082
234.6,0.404653
234.667,0.407633
234.733,0.407554
234.8,0.405395
234.867,0.399287
234.933,0.396469
235,0.378759
235.067,0.377304
235.133,0.374862
235.2,0.385488
235.267,0.384381
235.333,0.382921
235.4,0.384948
235.467,0.384413
235.533,0.384796
235.6,0.380282
235.667,0.376146
235.733,0.389356
235.8,0.400002
235.867,0.408316
235.933,0.400649
236,0.398601
236.067,0.400977
236.133,0.388546
236.2,0.367459
236.267,0.348842
236.333,0.348038
236.4,0.351474
236.467,0.348005
236.533,0.348701
236.6,0.305282
236.667,0.296859
236.733,0.264621
236.8,0.298801
236.867,0.293097
236.933,0.292942
237,0.271944
237.067,0.300912
237.133,0.326244
237.2,0.34762
237.267,0.32373
237.333,0.311612
237.4,0.315331
237.467,0.324009
237.533,0.322764
237.6,0.327783
237.667,0.329569
237.733,0.342361
237.8,0.330018
237.867,0.325211
237.933,0.324493
238,0.352286
238.067,0.366954
238.133,0.377752
238.2,0.34743
238.267,0.341991
238.333,0.343214
238.4,0.363071
238.467,0.367118
238.533,0.362915
238.6,0.365005
238.667,0.365193
238.733,0.369891
238.8,0.376668
238.867,0.384875
238.933,0.388776
239,0.389814
239.067,0.384223
239.133,0.377223
239.2,0.365722
239.267,0.362969
239.333,0.361527
239.4,0.364031
239.467,0.361331
239.533,0.360699
239.6,0.362685
239.667,0.371367
239.733,0.375219
239.8,0.381889
239.867,0.388134
239.933,0.385249
240,0.340937
240.067,0.320906
240.133,0.28017
240.2,0.293143
240.267,0.267903
240.333,0.280776
240.4,0.260592
240.467,0.273744
240.533,0.282861
240.6,0.304902
240.667,0.309177
240.733,0.312866
240.8,0.305596
240.867,0.290577
240.933,0.272995
241,0.292384
241.067,0.30457
241.133,0.308601
241.2,0.302042
241.267,0.304689
241.333,0.357464
241.4,0.399604
241.467,0.441876
241.533,0.441672
241.6,0.428732
241.667,0.414262
241.733,0.403335
241.8,0.400122
241.867,0.395658
241.933,0.389751
242,0.38801
242.067,0.392616
242.133,0.396326
242.2,0.401941
242.267,0.399373
242.333,0.400941
242.4,0.401139
242.467,0.406734
242.533,0.41088
242.6,0.39999
242.667,0.388846
242.733,0.380374
242.8,0.383901
242.867,0.385278
242.933,0.381815
243,0.329434
243.067,0.34849
243.133,0.370492
243.2,0.408734
243.267,0.340657
243.333,0.283295
243.4,0.259738
243.467,0.273083
243.533,0.274045
243.6,0.283136
243.667,0.318562
243.733,0.319938
243.8,0.334244
243.867,0.305587
243.933,0.31522
244,0.320183
244.067,0.345886
244.133,0.351363
244.2,0.339718
244.267,0.312414
244.333,0.315668
244.4,0.316782
244.467,0.311917
244.533,0.294732
244.6,0.323693
244.667,0.368648
244.733,0.412227
244.8,0.410821
244.867,0.412616
244.933,0.405133
245,0.406185
245.067,0.403854
245.133,0.390518
245.2,0.373734
245.267,0.371862
245.333,0.387756
245.4,0.397633
245.467,0.395573
245.533,0.397905
245.6,0.404451
245.667,0.402674
245.733,0.400967
245.8,0.400047
245.867,0.409664
245.933,0.410263
246,0.40951
246.067,0.403619
246.133,0.403143
246.2,0.40076
246.267,0.398519
246.333,0.401348
246.4,0.405967
246.467,0.410875
246.533,0.411618
246.6,0.410483
246.667,0.409076
246.733,0.408108
246.8,0.411032
246.867,0.412534
246.933,0.414531
247,0.413324
247.067,0.418501
247.133,0.420729
247.2,0.423105
247.267,0.420448
247.333,0.389446
247.4,0.366248
247.467,0.322226
247.533,0.359279
247.6,0.388048
247.667,0.436621
247.733,0.433991
247.8,0.429971
247.867,0.428446
247.933,0.425629
248,0.415658
248.067,0.402143
248.133,0.395229
248.2,0.3939
248.267,0.392933
248.333,0.393652
248.4,0.38847
248.467,0.386606
248.533,0.373694
248.6,0.37888
248.667,0.370902
248.733,0.367665
248.8,0.370612
248.867,0.380113
248.933,0.396469
249,0.349938
249.067,0.324043
249.133,0.286753
249.2,0.293258
249.267,0.274426
249.333,0.267381
249.4,0.258953
249.467,0.27395
249.533,0.305556
249.6,0.354749
249.667,0.300053
249.733,0.315656
249.8,0.289402
249.867,0.348575
249.933,0.330616
250,0.367912
250.067,0.404266
250.133,0.428479
250.2,0.418755
250.267,0.411724
250.333,0.410939
250.4,0.421913
250.467,0.439309
250.533,0.442334
250.6,0.423193
250.667,0.418404
250.733,0.418296
250.8,0.430713
250.867,0.424358
250.933,0.420055
251,0.423318
251.067,0.407118
251.133,0.400924
251.2,0.3882
251.267,0.398544
251.333,0.428891
251.4,0.4534
251.467,0.472487
251.533,0.460268
251.6,0.456405
251.667,0.453692
251.733,0.439668
251.8,0.423359
251.867,0.412359
251.933,0.400242
252,0.387148
252.067,0.357956
252.133,0.363472
252.2,0.378254
252.267,0.402486
252.333,0.396144
252.4,0.356773
252.467,0.350414
252.533,0.356982
252.6,0.386159
252.667,0.387029
252.733,0.384178
252.8,0.38456
252.867,0.38231
252.933,0.375074
253,0.34002
253.067,0.307268
253.133,0.299905
253.2,0.279174
253.267,0.288887
253.333,0.276783
253.4,0.298702
253.467,0.335038
253.533,0.361845
253.6,0.407571
253.667,0.381647
253.733,0.376319
253.8,0.376127
253.867,0.402336
253.933,0.419231
254,0.422444
254.067,0.42894
254.133,0.43182
254.2,0.422884
254.267,0.379201
254.333,0.320869
254.4,0.315847
254.467,0.328549
254.533,0.366392
254.6,0.33672
254.667,0.326912
254.733,0.294671
254.8,0.344126
254.867,0.371264
254.933,0.42951
255,0.404205
255.067,0.419772
255.133,0.407452
255.2,0.433375
255.267,0.417035
255.333,0.384711
255.4,0.371839
255.467,0.391984
255.533,0.380212
255.6,0.346668
255.667,0.290413
255.733,0.321032
255.8,0.291872
255.867,0.310223
255.933,0.310435
256,0.369199
256.067,0.379875
256.133,0.364822
256.2,0.368879
256.267,0.306115
256.333,0.300701
256.4,0.291058
256.467,0.402368
256.533,0.415215
256.6,0.429649
256.667,0.377946
256.733,0.400098
256.8,0.403399
256.867,0.398404
256.933,0.387765
257,0.378796
257.067,0.409418
257.133,0.414238
257.2,0.407774
257.267,0.376411
257.333,0.356841
257.4,0.341039
257.467,0.342097
257.533,0.350422
257.6,0.382635
257.667,0.40501
257.733,0.430943
257.8,0.437542
257.867,0.451674
257.933,0.444895
258,0.451707
258.067,0.458828
258.133,0.467674
258.2,0.448386
258.267,0.437902
258.333,0.417885
258.4,0.402873
258.467,0.379986
258.533,0.374739
258.6,0.37343
258.667,0.353214
258.733,0.354756
258.8,0.358569
258.867,0.38283
258.933,0.378583
259,0.368238
259.067,0.359865
259.133,0.361032
259.2,0.372638
259.267,0.372228
259.333,0.366598
259.4,0.361952
259.467,0.367161
259.533,0.327526
259.6,0.329236
259.667,0.342293
259.733,0.399877
259.8,0.40437
259.867,0.377889
259.933,0.368325
260,0.373299
260.067,0.392544
260.133,0.387361
260.2,0.387375
260.267,0.378984
260.333,0.384803
260.4,0.380915
260.467,0.391374
260.533,0.386815
260.6,0.395999
260.667,0.390573
260.733,0.403518
260.8,0.399554
260.867,0.404705
260.933,0.407447
261,0.412492
261.067,0.420094
261.133,0.425617
261.2,0.429181
261.267,0.40145
261.333,0.420389
261.4,0.438134
261.467,0.475989
261.533,0.468907
261.6,0.456657
261.667,0.451969
261.733,0.437716
261.8,0.434062
261.867,0.428326
261.933,0.435598
262,0.434972
262.067,0.432319
262.133,0.428087
262.2,0.426657
262.267,0.431713
262.333,0.430943
262.4,0.431856
262.467,0.431047
262.533,0.425624
262.6,0.42398
262.667,0.417815
262.733,0.416224
262.8,0.4134
262.867,0.42153
262.933,0.426635
263,0.443227
263.067,0.448068
263.133,0.451303
263.2,0.430845
263.267,0.429388
263.333,0.443864
263.4,0.437364
263.467,0.443537
263.533,0.427126
263.6,0.445482
263.667,0.433694
263.733,0.432999
263.8,0.427452
263.867,0.425697
263.933,0.421948
264,0.417601
264.067,0.416719
264.133,0.415922
264.2,0.405237
264.267,0.404431
264.333,0.401791
264.4,0.407412
264.467,0.401758
264.533,0.396927
264.6,0.347362
264.667,0.318737
264.733,0.287245
264.8,0.306261
264.867,0.35119
264.933,0.397513
265,0.436779
265.067,0.42436
265.133,0.419732
265.2,0.423568
265.267,0.430045
265.333,0.437337
265.4,0.43443
265.467,0.435034
265.533,0.423413
265.6,0.416876
265.667,0.404253
265.733,0.401517
265.8,0.394582
265.867,0.392124
265.933,0.386151
266,0.381433
266.067,0.376645
266.133,0.372107
266.2,0.369132
266.267,0.369034
266.333,0.371899
266.4,0.37256
266.467,0.406707
266.533,0.409664
266.6,0.408365
266.667,0.396169
266.733,0.372354
266.8,0.377678
266.867,0.347096
266.933,0.381393
267,0.392851
267.067,0.39231
267.133,0.38692
267.2,0.376513
267.267,0.39492
267.333,0.393875
267.4,0.400491
267.467,0.369876
267.533,0.374472
267.6,0.381937
267.667,0.419621
267.733,0.424082
267.8,0.424752
267.867,0.40807
267.933,0.392523
268,0.369246
268.067,0.357479
268.133,0.370476
268.2,0.369412
268.267,0.37227
268.333,0.403121
268.4,0.448709
268.467,0.478393
268.533,0.476409
268.6,0.479522
268.667,0.486776
268.733,0.46951
268.8,0.455065
268.867,0.456294
268.933,0.458123
269,0.451508
269.067,0.439863
269.133,0.436891
269.2,0.443848
269.267,0.452216
269.333,0.458498
269.4,0.459468
269.467,0.466595
269.533,0.469873
269.6,0.479109
269.667,0.48477
269.733,0.486837
269.8,0.414169
269.867,0.384878
269.933,0.374643
270,0.438051
270.067,0.449346
270.133,0.439448
270.2,0.428056
270.267,0.42966
270.333,0.432107
270.4,0.432544
270.467,0.380218
270.533,0.374458
270.6,0.368266
270.667,0.411452
270.733,0.420261
270.8,0.431483
270.867,0.429781
270.933,0.40968
271,0.374216
271.067,0.364268
271.133,0.371981
271.2,0.382026
271.267,0.375349
271.333,0.398229
271.4,0.431408
271.467,0.440327
271.533,0.426616
271.6,0.402239
271.667,0.396541
271.733,0.385022
271.8,0.381645
271.867,0.384683
271.933,0.375252
272,0.37389
272.067,0.373431
272.133,0.374451
272.2,0.374859
272.267,0.375607
272.333,0.379911
272.4,0.370461
272.467,0.362943
272.533,0.360051
272.6,0.363544
272.667,0.363873
272.733,0.357282
272.8,0.355877
272.867,0.354761
272.933,0.354948
273,0.389548
273.067,0.423219
273.133,0.454816
273.2,0.442009
273.267,0.424977
273.333,0.417696
273.4,0.424162
273.467,0.437909
273.533,0.410054
273.6,0.389541
273.667,0.399964
273.733,0.427032
273.8,0.450569
273.867,0.372846
273.933,0.341372
274,0.309851
274.067,0.326216
274.133,0.284582
274.2,0.231172
274.267,0.284335
274.333,0.328639
274.4,0.39681
274.467,0.380254
274.533,0.402052
274.6,0.406035
274.667,0.442132
274.733,0.464415
274.8,0.443398
274.867,0.396886
274.933,0.389862
275,0.40964
275.067,0.41628
275.133,0.408853
275.2,0.417925
275.267,0.434306
275.333,0.437316
275.4,0.432301
275.467,0.436586
275.533,0.425531
275.6,0.394259
275.667,0.373997
275.733,0.352859
275.8,0.320324
275.867,0.281546
275.933,0.272083
276,0.280293
276.067,0.290576
276.133,0.285521
276.2,0.29955
276.267,0.304815
276.333,0.32817
276.4,0.335759
276.467,0.334432
276.533,0.309276
276.6,0.307334
276.667,0.300083
276.733,0.302446
276.8,0.295871
276.867,0.292413
276.933,0.279486
277,0.259937
277.067,0.243859
277.133,0.229805
277.2,0.225759
277.267,0.23443
277.333,0.254256
277.4,0.274243
277.467,0.269762
277.533,0.311552
277.6,0.303469
277.667,0.351595
277.733,0.34692
277.8,0.355856
277.867,0.330261
277.933,0.294295
278,0.329311
278.067,0.360348
278.133,0.398737
278.2,0.398617
278.267,0.367277
278.333,0.349117
278.4,0.338727
278.467,0.358266
278.533,0.348239
278.6,0.357332
278.667,0.358028
278.733,0.341657
278.8,0.335182
278.867,0.328451
278.933,0.362289
279,0.381691
279.067,0.412373
279.133,0.433636
279.2,0.445336
279.267,0.447636
279.333,0.450505
279.4,0.429659
279.467,0.406116
279.533,0.385208
279.6,0.385362
279.667,0.379885
279.733,0.384737
279.8,0.383453
279.867,0.36423
279.933,0.365232
280,0.373366
280.067,0.420695
280.133,0.47429
280.2,0.492432
280.267,0.471961
280.333,0.431802
280.4,0.430965
280.467,0.432468
280.533,0.41266
280.6,0.399081
280.667,0.374677
280.733,0.408073
280.8,0.387067
280.867,0.422159
280.933,0.40098
281,0.423231
281.067,0.431234
281.133,0.442341
281.2,0.433153
281.267,0.416319
281.333,0.400921
281.4,0.396253
281.467,0.397559
281.533,0.385891
281.6,0.377355
281.667,0.353145
281.733,0.328605
281.8,0.300677
281.867,0.276015
281.933,0.285693
282,0.297218
282.067,0.294604
282.133,0.287039
282.2,0.261475
282.267,0.260868
282.333,0.281083
282.4,0.302168
282.467,0.311362
282.533,0.278779
282.6,0.254129
282.667,0.231272
282.733,0.24268
282.8,0.241883
282.867,0.269749
282.933,0.263328
283,0.288081
283.067,0.312086
283.133,0.341087
283.2,0.327458
283.267,0.321499
283.333,0.29576
283.4,0.289835
283.467,0.275447
283.533,0.289164
283.6,0.300207
283.667,0.264279
283.733,0.206131
283.8,0.163201
283.867,0.15952
283.933,0.174189
284,0.186283
284.067,0.175873
284.133,0.184172
284.2,0.208649
284.267,0.194972
284.333,0.216534
284.4,0.206955
284.467,0.274821
284.533,0.237434
284.6,0.284459
284.667,0.300968
284.733,0.351124
284.8,0.33675
284.867,0.266915
284.933,0.220544
285,0.189881
285.067,0.232272
285.133,0.278018
285.2,0.333461
285.267,0.352478
285.333,0.346495
285.4,0.300045
285.467,0.243569
285.533,0.200713
285.6,0.184396
285.667,0.216021
285.733,0.265049
285.8,0.309173
285.867,0.314872
285.933,0.33014
286,0.321546
286.067,0.348279
286.133,0.298948
286.2,0.263243
286.267,0.267552
286.333,0.315622
286.4,0.371238
286.467,0.375234
286.533,0.372297
286.6,0.341726
286.667,0.323683
286.733,0.299893
286.8,0.303019
286.867,0.285866
286.933,0.318723
287,0.353738
287.067,0.430991
287.133,0.475416
287.2,0.495587
287.267,0.448969
287.333,0.40742
287.4,0.394062
287.467,0.391736
287.533,0.351742
287.6,0.298372
287.667,0.308249
287.733,0.300143
287.8,0.317235
287.867,0.311691
287.933,0.390385
288,0.432818
288.067,0.462128
288.133,0.422304
288.2,0.374185
288.267,0.384877
288.333,0.427865
288.4,0.466395
288.467,0.3983
288.533,0.391403
288.6,0.393323
288.667,0.415986
288.733,0.426321
288.8,0.459907
288.867,0.478635
288.933,0.431692
289,0.414954
289.067,0.429209
289.133,0.46256
289.2,0.464687
289.267,0.455419
289.333,0.402942
289.4,0.357643
289.467,0.334604
289.533,0.387765
289.6,0.406389
289.667,0.418009
289.733,0.415282
289.8,0.430799
289.867,0.433568
289.933,0.414549
290,0.399778
290.067,0.388044
290.133,0.404786
290.2,0.43001
290.267,0.461012
290.333,0.431994
290.4,0.424494
290.467,0.410491
290.533,0.415078
290.6,0.378401
290.667,0.369528
290.733,0.380515
290.8,0.43752
290.867,0.421487
290.933,0.385607
291,0.329513
291.067,0.305389
291.133,0.317498
291.2,0.311148
291.267,0.35868
291.333,0.369384
291.4,0.380889
291.467,0.375985
291.533,0.383913
291.6,0.35614
291.667,0.344071
291.733,0.30242
291.8,0.303271
291.867,0.274637
291.933,0.26883
292,0.274525
292.067,0.258979
292.133,0.275196
292.2,0.298121
292.267,0.342017
292.333,0.317729
292.4,0.276228
292.467,0.22783
292.533,0.242157
292.6,0.242677
292.667,0.283495
292.733,0.286678
292.8,0.292504
292.867,0.253347
292.933,0.239423
293,0.251514
293.067,0.268486
293.133,0.304815
293.2,0.314186
293.267,0.360663
293.333,0.343271
293.4,0.332772
293.467,0.324918
293.533,0.369934
293.6,0.416284
293.667,0.432002
293.733,0.434808
293.8,0.436821
293.867,0.332978
293.933,0.287483
294,0.280338
294.067,0.333554
294.133,0.314714
294.2,0.277796
294.267,0.276222
294.333,0.237883
294.4,0.22451
294.467,0.230583
294.533,0.257766
294.6,0.224511
294.667,0.185483
294.733,0.152755
294.8,0.123529
294.867,0.0989325
294.933,0.145279
295,0.235143
295.067,0.309612
295.133,0.367439
295.2,0.36181
295.267,0.366871
295.333,0.371652
295.4,0.408415
295.467,0.451833
295.533,0.445394
295.6,0.436023
295.667,0.395943
295.733,0.402789
295.8,0.411657
295.867,0.423978
295.933,0.386965
296,0.379244
296.067,0.391625
296.133,0.422632
296.2,0.467188
296.267,0.472999
296.333,0.495928
296.4,0.45543
296.467,0.415052
296.533,0.390687
296.6,0.391565
296.667,0.441824
296.733,0.407021
296.8,0.358915
296.867,0.29035
296.933,0.308406
297,0.301678
297.067,0.423549
297.133,0.435671
297.2,0.551896
297.267,0.556789
297.333,0.609197
297.4,0.594137
297.467,0.554243
297.533,0.539766
297.6,0.521746
297.667,0.496613
297.733,0.43009
297.8,0.396021
297.867,0.394685
297.933,0.434975
298,0.436253
298.067,0.374724
298.133,0.340273
298.2,0.291058
298.267,0.303065
298.333,0.30271
298.4,0.323723
298.467,0.327339
298.533,0.335743
298.6,0.302247
298.667,0.261761
298.733,0.268368
298.8,0.327828
298.867,0.410542
298.933,0.367967
299,0.363049
299.067,0.315129
299.133,0.293714
299.2,0.263879
299.267,0.254709
299.333,0.313153
299.4,0.333527
299.467,0.350138
299.533,0.29994
299.6,0.251005
299.667,0.218736
299.733,0.217677
299.8,0.216281
299.867,0.206465
299.933,0.216039
300,0.209846
300.067,0.219344
300.133,0.24036
300.2,0.284332
300.267,0.34837
300.333,0.353366
300.4,0.346206
300.467,0.320685
300.533,0.318804
300.6,0.329469
300.667,0.290592
300.733,0.293135
300.8,0.282706
300.867,0.342984
300.933,0.360793
301,0.370535
301.067,0.339292
301.133,0.335161
301.2,0.333055
301.267,0.39948
301.333,0.409392
301.4,0.438184
301.467,0.360868
301.533,0.368261
301.6,0.356844
301.667,0.345391
301.733,0.276032
301.8,0.237847
301.867,0.247595
301.933,0.24933
302,0.227024
302.067,0.284875
302.133,0.312158
302.2,0.367856
302.267,0.35794
302.333,0.37677
302.4,0.370499
302.467,0.36573
302.533,0.370802
302.6,0.314517
302.667,0.262881
302.733,0.218911
302.8,0.250336
302.867,0.294376
302.933,0.355397
303,0.389361
303.067,0.391664
303.133,0.383461
303.2,0.402371
303.267,0.434315
303.333,0.428398
303.4,0.424134
303.467,0.377938
303.533,0.378673
303.6,0.382352
303.667,0.420473
303.733,0.439662
303.8,0.444543
303.867,0.440901
303.933,0.407833
304,0.365858
304.067,0.35894
304.133,0.376417
304.2,0.420802
304.267,0.380341
304.333,0.342356
304.4,0.318061
304.467,0.324636
304.533,0.374966
304.6,0.39171
304.667,0.394766
304.733,0.383461
304.8,0.397004
304.867,0.418046
304.933,0.455998
305,0.458397
305.067,0.474267
305.133,0.466757
305.2,0.461935
305.267,0.456237
305.333,0.439325
305.4,0.433005
305.467,0.448743
305.533,0.453394
305.6,0.441879
305.667,0.423347
305.733,0.395728
305.8,0.334873
305.867,0.295131
305.933,0.324874
306,0.360869
306.067,0.394779
306.133,0.329816
306.2,0.309428
306.267,0.257655
306.333,0.271113
306.4,0.266501
306.467,0.294324
306.533,0.311642
306.6,0.32442
306.667,0.329864
306.733,0.318978
306.8,0.327808
306.867,0.288813
306.933,0.310274
307,0.284459
307.067,0.343403
307.133,0.360831
307.2,0.411972
307.267,0.357204
307.333,0.331657
307.4,0.299884
307.467,0.333905
307.533,0.378014
307.6,0.396556
307.667,0.374266
307.733,0.30019
307.8,0.267151
307.867,0.28375
307.933,0.304664
308,0.333418
308.067,0.30888
308.133,0.308529
308.2,0.30577
308.267,0.285885
308.333,0.227424
308.4,0.151722
308.467,0.12741
308.533,0.146652
308.6,0.183226
308.667,0.209792
308.733,0.218924
308.8,0.237689
308.867,0.284024
308.933,0.330351
309,0.37758
309.067,0.386577
309.133,0.406215
309.2,0.409243
309.267,0.430961
309.333,0.434852
309.4,0.436735
309.467,0.402399
309.533,0.366387
309.6,0.316461
309.667,0.305608
309.733,0.31371
309.8,0.346534
309.867,0.358614
309.933,0.355924
310,0.329415
310.067,0.338053
310.133,0.306672
310.2,0.314968
310.267,0.254867
310.333,0.269545
310.4,0.252688
310.467,0.281721
310.533,0.307792
310.6,0.328261
310.667,0.321823
310.733,0.324806
310.8,0.345863
310.867,0.363637
310.933,0.323116
311,0.274864
311.067,0.248668
311.133,0.254572
311.2,0.249297
311.267,0.24687
311.333,0.194976
311.4,0.173582
311.467,0.197262
311.533,0.246439
311.6,0.264418
311.667,0.233931
311.733,0.269338
311.8,0.300582
311.867,0.325114
311.933,0.255315
312,0.217422
312.067,0.256118
312.133,0.300351
312.2,0.298531
312.267,0.208392
312.333,0.163306
312.4,0.158299
312.467,0.192214
312.533,0.229151
312.6,0.248039
312.667,0.251714
312.733,0.253271
312.8,0.270486
312.867,0.311657
312.933,0.312129
313,0.32033
313.067,0.284015
313.133,0.306375
313.2,0.316308
313.267,0.356421
313.333,0.356457
313.4,0.353741
313.467,0.281513
313.533,0.240347
313.6,0.217618
313.667,0.265428
313.733,0.304077
313.8,0.326052
313.867,0.331418
313.933,0.289204
314,0.270605
314.067,0.27702
314.133,0.302
314.2,0.321172
314.267,0.311286
314.333,0.333124
314.4,0.346712
314.467,0.383303
314.533,0.369882
314.6,0.354871
314.667,0.369293
314.733,0.400089
314.8,0.40536
314.867,0.380908
314.933,0.355408
315,0.364869
315.067,0.368965
315.133,0.330147
315.2,0.283623
315.267,0.225215
315.333,0.250091
315.4,0.296306
315.467,0.331258
315.533,0.327761
315.6,0.281009
315.667,0.274384
315.733,0.297879
315.8,0.319326
315.867,0.284038
315.933,0.246528
316,0.190942
316.067,0.24922
316.133,0.257139
316.2,0.359865
316.267,0.334335
316.333,0.356484
316.4,0.312493
316.467,0.302378
316.533,0.265806
316.6,0.229576
316.667,0.213298
316.733,0.224823
316.8,0.253202
316.867,0.298109
316.933,0.344342
317,0.356432
317.067,0.356595
317.133,0.349194
317.2,0.358746
317.267,0.34274
317.333,0.330473
317.4,0.318941
317.467,0.316941
317.533,0.321266
317.6,0.333939
317.667,0.328797
317.733,0.322088
317.8,0.302869
317.867,0.317257
317.933,0.301227
318,0.289105
318.067,0.234733
318.133,0.183172
318.2,0.173502
318.267,0.201252
318.333,0.236497
318.4,0.218488
318.467,0.203495
318.533,0.196939
318.6,0.197938
318.667,0.182245
318.733,0.161832
318.8,0.145428
318.867,0.148465
318.933,0.149275
319,0.149744
319.067,0.135548
319.133,0.119817
319.2,0.106762
319.267,0.100309
319.333,0.0946585
319.4,0.0898855
319.467,0.0884055
319.533,0.0886027
319.6,0.0889267
319.667,0.0894048
319.733,0.0888862
319.8,0.0889424
319.867,0.0888405
319.933,0.0894988
320,0.0896438
320.067,0.0880306
320.133,0.0868289
320.2,0.0852483
320.267,0.0857042
320.333,0.0848969
320.4,0.0845207
320.467,0.0836756
320.533,0.0838493
320.6,0.0836521
320.667,0.0840426
320.733,0.0846631
320.8,0.0860242
320.867,0.0867831
320.933,0.0865924
321,0.0859079
321.067,0.0854978
321.133,0.0855984
321.2,0.0865062
321.267,0.0870483
321.333,0.0860934
321.4,0.0844175
321.467,0.0824869
321.533,0.0823406
321.6,0.082193
321.667,0.0823536
321.733,0.0824843
321.8,0.0825927
321.867,0.0829898
321.933,0.0831178
322,0.0832706
322.067,0.0833346
322.133,0.0838193
322.2,0.084236
322.267,0.0859014
322.333,0.0873579
322.4,0.0888117
322.467,0.0887112
322.533,0.0880175
322.6,0.0875982
322.667,0.087802
322.733,0.0890678
322.8,0.0899364
322.867,0.0905216
322.933,0.0905712
323,0.0897679
323.067,0.0891043
323.133,0.0882566
323.2,0.0887869
323.267,0.089201
323.333,0.0899364
323.4,0.0906927
323.467,0.0910533
323.533,0.0914099
323.6,0.0912518
323.667,0.0906144
323.733,0.0907228
323.8,0.090391
323.867,0.0915797
323.933,0.0937807
324,0.0967472
324.067,0.0986034
324.133,0.0989848
324.2,0.0990214
324.267,0.0991324
324.333,0.09925
324.4,0.0987144
324.467,0.0986034
324.533,0.0973206
324.6,0.0961071
324.667,0.0943176
324.733,0.0928402
324.8,0.0927083
324.867,0.0926416
324.933,0.0931694
325,0.0923386
325.067,0.0915379
325.133,0.0905085
325.2,0.0904289
325.267,0.0907371
325.333,0.0913759
325.4,0.0919402
325.467,0.0921152
325.533,0.0917012
325.6,0.0895576
325.667,0.0873696
325.733,0.0855958
325.8,0.0864775
325.867,0.0875512
325.933,0.0877693
326,0.0868602
326.067,0.0862567
326.133,0.0857708
326.2,0.0859066
326.267,0.0850928
326.333,0.0853397
326.4,0.0843627
326.467,0.0852783
326.533,0.0853854
326.6,0.0876818
326.667,0.0899364
326.733,0.0912283
326.8,0.0880476
326.867,0.0840309
326.933,0.0808502
327,0.0787576
327.067,0.0709135
327.133,0.0630839
327.2,0.0673592
327.267,0.0785708
327.333,0.0921492
327.4,0.0966479
327.467,0.0974761
327.533,0.0953952
327.6,0.0915627
327.667,0.092916
327.733,0.0958511
327.8,0.0999867
327.867,0.0942274
327.933,0.0960144
328,0.103911
328.067,0.122458
328.133,0.132913
328.2,0.137255
328.267,0.137148
328.333,0.136818
328.4,0.141789
328.467,0.149705
328.533,0.139829
328.6,0.143884
328.667,0.14907
328.733,0.171509
328.8,0.177378
328.867,0.168212
328.933,0.161734
329,0.153822
329.067,0.157049
329.133,0.152587
329.2,0.155263
329.267,0.167555
329.333,0.183208
329.4,0.203731
329.467,0.205039
329.533,0.193821
329.6,0.166549
329.667,0.167232
329.733,0.15784
329.8,0.166797
329.867,0.176296
329.933,0.199307
330,0.199862
330.067,0.19212
330.133,0.185565
330.2,0.184348
330.267,0.164507
330.333,0.155954
330.4,0.161959
330.467,0.167055
330.533,0.172984
330.6,0.154772
330.667,0.166279
330.733,0.167983
330.8,0.159105
330.867,0.1399
330.933,0.129671
331,0.127307
331.067,0.119016
331.133,0.104508
331.2,0.112413
331.267,0.122806
331.333,0.141595
331.4,0.153879
331.467,0.157804
331.533,0.156407
331.6,0.141211
331.667,0.125613
331.733,0.129226
331.8,0.14414
331.867,0.166618
331.933,0.175919
332,0.182485
332.067,0.180586
332.133,0.182207
332.2,0.183057
332.267,0.186695
332.333,0.182915
332.4,0.184392
332.467,0.183816
332.533,0.186431
332.6,0.17732
332.667,0.181635
332.733,0.190316
332.8,0.211916
332.867,0.218137
332.933,0.214153
333,0.205079
333.067,0.198202
333.133,0.206589
333.2,0.200367
333.267,0.190763
333.333,0.169288
333.4,0.176083
333.467,0.158985
333.533,0.164251
333.6,0.122027
333.667,0.134004
333.733,0.116146
333.8,0.12862
333.867,0.134674
333.933,0.144958
334,0.144104
334.067,0.131936
334.133,0.127806
334.2,0.139424
334.267,0.144639
334.333,0.143503
334.4,0.134784
334.467,0.123979
334.533,0.115091
334.6,0.108719
334.667,0.105724
334.733,0.105863
334.8,0.111304
334.867,0.11341
334.933,0.106109
335,0.0987653
335.067,0.0981984
335.133,0.103316
335.2,0.10602
335.267,0.106349
335.333,0.106852
335.4,0.110268
335.467,0.109659
335.533,0.110546
335.6,0.111445
335.667,0.110813
335.733,0.106552
335.8,0.107588
335.867,0.113986
335.933,0.121119
336,0.12035
336.067,0.112566
336.133,0.107316
336.2,0.107863
336.267,0.125152
336.333,0.129322
336.4,0.132975
336.467,0.126905
336.533,0.124531
336.6,0.118993
336.667,0.0926312
336.733,0.0780835
336.8,0.0721976
336.867,0.0951
336.933,0.101716
337,0.0987157
337.067,0.0901363
337.133,0.0991115
337.2,0.113453
337.267,0.12199
337.333,0.128934
337.4,0.138371
337.467,0.149318
337.533,0.15508
337.6,0.169002
337.667,0.19845
337.733,0.232669
337.8,0.250914
337.867,0.244605
337.933,0.240246
338,0.256688
338.067,0.279233
338.133,0.289385
338.2,0.283973
338.267,0.292317
338.333,0.309207
338.4,0.29642
338.467,0.272
338.533,0.263078
338.6,0.261696
338.667,0.287974
338.733,0.301521
338.8,0.315506
338.867,0.280019
338.933,0.25148
339,0.23475
339.067,0.234625
339.133,0.222406
339.2,0.231568
339.267,0.228384
339.333,0.236774
339.4,0.226793
339.467,0.224404
339.533,0.209044
339.6,0.182393
339.667,0.168292
339.733,0.155389
339.8,0.172797
339.867,0.179729
339.933,0.185456
340,0.185435
340.067,0.184347
340.133,0.181692
340.2,0.158337
340.267,0.14146
340.333,0.104333
340.4,0.110032
340.467,0.104715
340.533,0.125387
340.6,0.125026
340.667,0.130414
340.733,0.140215
340.8,0.134793
340.867,0.134321
340.933,0.127094
341,0.122808
341.067,0.126042
341.133,0.124109
341.2,0.120496
341.267,0.106411
341.333,0.0992865
341.4,0.0933026
341.467,0.0925855
341.533,0.0893695
341.6,0.0893917
341.667,0.0899991
341.733,0.089491
341.8,0.0892154
341.867,0.0891514
341.933,0.090455
342,0.0916789
342.067,0.0935351
342.133,0.092963
342.2,0.0944521
342.267,0.0945644
342.333,0.0965068
342.4,0.0938356
342.467,0.0910937
342.533,0.0893551
342.6,0.0874846
342.667,0.0856114
342.733,0.0840753
342.8,0.0836351
342.867,0.0833582
342.933,0.0834483
343,0.0834979
343.067,0.0837722
343.133,0.0842072
343.2,0.0850419
343.267,0.0862855
343.333,0.0872952
343.4,0.0877733
343.467,0.0877471
343.533,0.0876871
343.6,0.0877471
343.667,0.0878059
343.733,0.0878425
343.8,0.0877576
343.867,0.0876949
343.933,0.0865167
344,0.0852156
344.067,0.0838023
344.133,0.0838075
344.2,0.0839734
344.267,0.08433
344.333,0.0844319
344.4,0.0845717
344.467,0.083895
344.533,0.082901
344.6,0.0820088
344.667,0.0816561
344.733,0.0808802
344.8,0.0801291
344.867,0.0785368
344.933,0.0775636
345,0.076375
345.067,0.0762404
345.133,0.0761281
345.2,0.0762391
345.267,0.0763593
345.333,0.0767577
345.4,0.0769837
345.467,0.0774709
345.533,0.0777008
345.6,0.080828
345.667,0.0836325
345.733,0.0867257
345.8,0.0861875
345.867,0.085405
345.933,0.0845782
346,0.0845651
346.067,0.0847206
346.133,0.0844541
346.2,0.0841458
346.267,0.0839682
346.333,0.0835254
346.4,0.0828396
346.467,0.0825496
346.533,0.0828265
346.6,0.0825888
346.667,0.0815555
346.733,0.0804491
346.8,0.0802258
346.867,0.0803904
346.933,0.0805954
347,0.0809834
347.067,0.0815346
347.133,0.0820219
347.2,0.0821799
347.267,0.0821316
347.333,0.0821812
347.4,0.0825509
347.467,0.0829911
347.533,0.0833568
347.6,0.0833098
347.667,0.0831178
347.733,0.0830368
347.8,0.0830773
347.867,0.0832393
347.933,0.0832328
348,0.0857368
348.067,0.0882827
348.133,0.0909083
348.2,0.0911499
348.267,0.0915444
348.333,0.0918122
348.4,0.0918501
348.467,0.0915927
348.533,0.0914308
348.6,0.0906117
348.667,0.089794
348.733,0.0878934
348.8,0.0867296
348.867,0.085345
348.933,0.0862606
349,0.0871371
349.067,0.0881051
349.133,0.0879156
349.2,0.0872599
349.267,0.0868197
349.333,0.0862855
349.4,0.086309
349.467,0.0864997
349.533,0.0868001
349.6,0.0868759
349.667,0.0857643
349.733,0.0847049
349.8,0.0837866
349.867,0.083865
349.933,0.0836246
350,0.0832236
350.067,0.0831074
350.133,0.0831361
350.2,0.0833791
350.267,0.0831818
350.333,0.0830146
350.4,0.0830734
350.467,0.0831256
350.533,0.0858557
350.6,0.0834
350.667,0.0876884
350.733,0.0903191
350.8,0.100099
350.867,0.104723
350.933,0.115037
351,0.122313
351.067,0.128591
351.133,0.125478
351.2,0.125726
351.267,0.123099
351.333,0.127236
351.4,0.129736
351.467,0.139603
351.533,0.131273
351.6,0.128122
351.667,0.121233
351.733,0.138798
351.8,0.1466
351.867,0.148063
351.933,0.124125
352,0.100884
352.067,0.107912
352.133,0.129618
352.2,0.15068
352.267,0.151147
352.333,0.147005
352.4,0.149499
352.467,0.14213
352.533,0.133173
352.6,0.122267
352.667,0.118275
352.733,0.119169
352.8,0.116938
352.867,0.108804
352.933,0.0890782
353,0.0899103
353.067,0.10374
353.133,0.135027
353.2,0.151616
353.267,0.13339
353.333,0.120795
353.4,0.10639
353.467,0.113889
353.533,0.105264
353.6,0.0949041
353.667,0.0928911
353.733,0.127832
353.8,0.171408
353.867,0.223627
353.933,0.236653
354,0.224706
354.067,0.221003
354.133,0.20613
354.2,0.225428
354.267,0.201566
354.333,0.193771
354.4,0.16976
354.467,0.167803
354.533,0.185266
354.6,0.199546
354.667,0.232488
354.733,0.235694
354.8,0.241705
354.867,0.226853
354.933,0.225262
355,0.223355
355.067,0.217473
355.133,0.210924
355.2,0.19799
355.267,0.190703
355.333,0.184958
355.4,0.182638
355.467,0.185644
355.533,0.181788
355.6,0.179251
355.667,0.171819
355.733,0.186989
355.8,0.206106
355.867,0.227343
355.933,0.233148
356,0.225017
356.067,0.207124
356.133,0.185879
356.2,0.171735
356.267,0.169692
356.333,0.179639
356.4,0.19278
356.467,0.200722
356.533,0.197269
356.6,0.194501
356.667,0.191474
356.733,0.186991
356.8,0.180671
356.867,0.17723
356.933,0.184664
357,0.188896
357.067,0.198103
357.133,0.209267
357.2,0.226715
357.267,0.241248
357.333,0.2408
357.4,0.23011
357.467,0.211518
357.533,0.194624
357.6,0.185358
357.667,0.176499
357.733,0.170806
357.8,0.162141
357.867,0.163022
357.933,0.165181
358,0.165098
358.067,0.17289
358.133,0.172901
358.2,0.191837
358.267,0.192793
358.333,0.21468
358.4,0.22786
358.467,0.235926
358.533,0.222528
358.6,0.209218
358.667,0.209321
358.733,0.227752
358.8,0.262463
358.867,0.272164
358.933,0.284113
359,0.272481
359.067,0.285256
359.133,0.289373
359.2,0.289895
359.267,0.286959
359.333,0.265671
359.4,0.264856
359.467,0.258356
359.533,0.283535
359.6,0.283645
359.667,0.277866
359.733,0.251075
359.8,0.266621
359.867,0.264866
359.933,0.275012
360,0.242518
360.067,0.243008
360.133,0.229448
360.2,0.240842
360.267,0.247539
360.333,0.267752
360.4,0.251592
360.467,0.252908
360.533,0.248387
360.6,0.268866
360.667,0.245584
360.733,0.23832
360.8,0.22927
360.867,0.248719
360.933,0.237888
361,0.251536
361.067,0.25041
361.133,0.280763
361.2,0.285706
361.267,0.296664
361.333,0.287867
361.4,0.276603
361.467,0.267253
361.533,0.268398
361.6,0.271868
361.667,0.30219
361.733,0.306137
361.8,0.310475
361.867,0.308077
361.933,0.316511
362,0.337895
362.067,0.325971
362.133,0.301236
362.2,0.265394
362.267,0.287718
362.333,0.342941
362.4,0.40037
362.467,0.41687
362.533,0.42156
362.6,0.422728
362.667,0.415274
362.733,0.39759
362.8,0.382517
362.867,0.36392
362.933,0.416266
363,0.473396
363.067,0.543455
363.133,0.544142
363.2,0.532008
363.267,0.498259
363.333,0.489968
363.4,0.48261
363.467,0.492413
363.533,0.477855
363.6,0.478819
363.667,0.471264
363.733,0.465396
363.8,0.441575
363.867,0.45848
363.933,0.475652
364,0.491175
364.067,0.474846
364.133,0.455379
364.2,0.437412
364.267,0.423434
364.333,0.40546
364.4,0.407134
364.467,0.401616
364.533,0.392513
364.6,0.378422
364.667,0.36969
364.733,0.371016
364.8,0.369161
364.867,0.369017
364.933,0.372143
365,0.3678
365.067,0.357765
365.133,0.356946
365.2,0.355614
365.267,0.34713
365.333,0.300522
365.4,0.286719
365.467,0.308754
365.533,0.357453
365.6,0.403941
365.667,0.418817
365.733,0.435473
365.8,0.436864
365.867,0.431421
365.933,0.439731
366,0.432007
366.067,0.452259
366.133,0.46307
366.2,0.476925
366.267,0.459627
366.333,0.41629
366.4,0.288779
366.467,0.251509
366.533,0.221398
366.6,0.269907
366.667,0.231176
366.733,0.200903
366.8,0.177319
366.867,0.169709
366.933,0.162577
367,0.160403
367.067,0.150814
367.133,0.14852
367.2,0.139945
367.267,0.140156
367.333,0.168708
367.4,0.215311
367.467,0.260757
367.533,0.27751
367.6,0.276339
367.667,0.285893
367.733,0.309511
367.8,0.345552
367.867,0.400183
367.933,0.421421
368,0.406213
368.067,0.378731
368.133,0.360839
368.2,0.374104
368.267,0.356945
368.333,0.368046
368.4,0.3465
368.467,0.335702
368.533,0.323243
368.6,0.336265
368.667,0.37129
368.733,0.395277
368.8,0.431058
368.867,0.420259
368.933,0.426892
369,0.408561
369.067,0.418728
369.133,0.428691
369.2,0.453512
369.267,0.452274
369.333,0.434547
369.4,0.401941
369.467,0.403471
369.533,0.405532
369.6,0.406422
369.667,0.429404
369.733,0.440363
369.8,0.47178
369.867,0.467567
369.933,0.462385
370,0.452369
370.067,0.456912
370.133,0.465403
370.2,0.447559
370.267,0.419079
370.333,0.392357
370.4,0.400553
370.467,0.414671
370.533,0.401274
370.6,0.382628
370.667,0.377351
370.733,0.378365
370.8,0.373563
370.867,0.348235
370.933,0.337947
371,0.32902
371.067,0.34701
371.133,0.37052
371.2,0.384769
371.267,0.381214
371.333,0.41298
371.4,0.438186
371.467,0.454644
371.533,0.457028
371.6,0.461659
371.667,0.480037
371.733,0.473308
371.8,0.480638
371.867,0.479997
371.933,0.485874
372,0.491223
372.067,0.502053
372.133,0.517414
372.2,0.527763
372.267,0.513439
372.333,0.482675
372.4,0.456131
372.467,0.465668
372.533,0.48124
372.6,0.49372
372.667,0.482338
372.733,0.487606
372.8,0.49825
372.867,0.492801
372.933,0.494987
373,0.513253
373.067,0.525422
373.133,0.505434
373.2,0.459184
373.267,0.458745
373.333,0.453249
373.4,0.439646
373.467,0.427758
373.533,0.42975
373.6,0.448201
373.667,0.436469
373.733,0.43413
373.8,0.441732
373.867,0.466692
373.933,0.478993
374,0.489065
374.067,0.480981
374.133,0.466039
374.2,0.430744
374.267,0.403097
374.333,0.422896
374.4,0.450702
374.467,0.465981
374.533,0.463707
374.6,0.466122
374.667,0.485623
374.733,0.486125
374.8,0.48754
374.867,0.481402
374.933,0.480361
375,0.477943
375.067,0.481015
375.133,0.461688
375.2,0.445451
375.267,0.424153
375.333,0.423191
375.4,0.435673
375.467,0.448032
375.533,0.45367
375.6,0.44652
375.667,0.438674
375.733,0.433831
375.8,0.427053
375.867,0.428523
375.933,0.430044
376,0.432688
376.067,0.432381
376.133,0.432654
376.2,0.433389
376.267,0.436249
376.333,0.455834
376.4,0.477509
376.467,0.494595
376.533,0.492289
376.6,0.48775
376.667,0.483125
376.733,0.482742
376.8,0.479796
376.867,0.473483
376.933,0.472271
377,0.476107
377.067,0.4812
377.133,0.478218
377.2,0.467942
377.267,0.465055
377.333,0.463808
377.4,0.435403
377.467,0.430971
377.533,0.432066
377.6,0.466398
377.667,0.470903
377.733,0.469621
377.8,0.468218
377.867,0.469819
377.933,0.47475
378,0.466836
378.067,0.457121
378.133,0.448484
378.2,0.45054
378.267,0.449234
378.333,0.446309
378.4,0.441191
378.467,0.424824
378.533,0.426008
378.6,0.431683
378.667,0.449551
378.733,0.448188
378.8,0.446721
378.867,0.424084
378.933,0.425898
379,0.42341
379.067,0.441267
379.133,0.44016
379.2,0.440406
379.267,0.446342
379.333,0.444643
379.4,0.448371
379.467,0.446812
379.533,0.441249
379.6,0.432963
379.667,0.427033
379.733,0.426923
379.8,0.422365
379.867,0.419359
379.933,0.41909
380,0.420399
380.067,0.420873
380.133,0.419091
380.2,0.417699
380.267,0.419637
380.333,0.423024
380.4,0.427199
380.467,0.42932
380.533,0.428704
380.6,0.43841
380.667,0.446213
380.733,0.456835
380.8,0.452976
380.867,0.452378
380.933,0.449175
381,0.457108
381.067,0.461809
381.133,0.470654
381.2,0.471185
381.267,0.473575
381.333,0.472442
381.4,0.47042
381.467,0.464187
381.533,0.459956
381.6,0.458601
381.667,0.464498
381.733,0.467772
381.8,0.468522
381.867,0.466672
381.933,0.465173
382,0.46661
382.067,0.463865
382.133,0.460758
382.2,0.451073
382.267,0.440895
382.333,0.435385
382.4,0.432019
382.467,0.428554
